-- MySQL dump 10.13  Distrib 8.0.25, for Linux (x86_64)
--
-- Host: localhost    Database: laramotely
-- ------------------------------------------------------
-- Server version	8.0.26-0ubuntu0.20.04.2

/*!40101 SET @OLD_CHARACTER_SET_CLIENT=@@CHARACTER_SET_CLIENT */;
/*!40101 SET @OLD_CHARACTER_SET_RESULTS=@@CHARACTER_SET_RESULTS */;
/*!40101 SET @OLD_COLLATION_CONNECTION=@@COLLATION_CONNECTION */;
/*!50503 SET NAMES utf8 */;
/*!40103 SET @OLD_TIME_ZONE=@@TIME_ZONE */;
/*!40103 SET TIME_ZONE='+00:00' */;
/*!40014 SET @OLD_UNIQUE_CHECKS=@@UNIQUE_CHECKS, UNIQUE_CHECKS=0 */;
/*!40014 SET @OLD_FOREIGN_KEY_CHECKS=@@FOREIGN_KEY_CHECKS, FOREIGN_KEY_CHECKS=0 */;
/*!40101 SET @OLD_SQL_MODE=@@SQL_MODE, SQL_MODE='NO_AUTO_VALUE_ON_ZERO' */;
/*!40111 SET @OLD_SQL_NOTES=@@SQL_NOTES, SQL_NOTES=0 */;

--
-- Table structure for table `categories`
--

DROP TABLE IF EXISTS `categories`;
/*!40101 SET @saved_cs_client     = @@character_set_client */;
/*!50503 SET character_set_client = utf8mb4 */;
CREATE TABLE `categories` (
  `id` int unsigned NOT NULL AUTO_INCREMENT,
  `parent_id` int unsigned DEFAULT NULL,
  `order` int NOT NULL DEFAULT '1',
  `name` varchar(255) COLLATE utf8mb4_unicode_ci NOT NULL,
  `slug` varchar(255) COLLATE utf8mb4_unicode_ci NOT NULL,
  `created_at` timestamp NULL DEFAULT NULL,
  `updated_at` timestamp NULL DEFAULT NULL,
  PRIMARY KEY (`id`),
  UNIQUE KEY `categories_slug_unique` (`slug`),
  KEY `categories_parent_id_foreign` (`parent_id`),
  CONSTRAINT `categories_parent_id_foreign` FOREIGN KEY (`parent_id`) REFERENCES `categories` (`id`) ON DELETE SET NULL ON UPDATE CASCADE
) ENGINE=InnoDB AUTO_INCREMENT=3 DEFAULT CHARSET=utf8mb4 COLLATE=utf8mb4_unicode_ci;
/*!40101 SET character_set_client = @saved_cs_client */;

--
-- Dumping data for table `categories`
--

LOCK TABLES `categories` WRITE;
/*!40000 ALTER TABLE `categories` DISABLE KEYS */;
INSERT INTO `categories` VALUES (1,NULL,1,'Category 1','category-1','2021-09-15 02:10:08','2021-09-15 02:10:08'),(2,NULL,1,'Category 2','category-2','2021-09-15 02:10:08','2021-09-15 02:10:08');
/*!40000 ALTER TABLE `categories` ENABLE KEYS */;
UNLOCK TABLES;

--
-- Table structure for table `connected_accounts`
--

DROP TABLE IF EXISTS `connected_accounts`;
/*!40101 SET @saved_cs_client     = @@character_set_client */;
/*!50503 SET character_set_client = utf8mb4 */;
CREATE TABLE `connected_accounts` (
  `id` bigint unsigned NOT NULL AUTO_INCREMENT,
  `user_id` bigint unsigned NOT NULL,
  `provider` varchar(255) COLLATE utf8mb4_unicode_ci NOT NULL,
  `provider_id` varchar(255) COLLATE utf8mb4_unicode_ci NOT NULL,
  `name` varchar(255) COLLATE utf8mb4_unicode_ci DEFAULT NULL,
  `nickname` varchar(255) COLLATE utf8mb4_unicode_ci DEFAULT NULL,
  `email` varchar(255) COLLATE utf8mb4_unicode_ci DEFAULT NULL,
  `telephone` varchar(255) COLLATE utf8mb4_unicode_ci DEFAULT NULL,
  `avatar_path` varchar(255) COLLATE utf8mb4_unicode_ci DEFAULT NULL,
  `token` varchar(1000) COLLATE utf8mb4_unicode_ci NOT NULL,
  `secret` varchar(255) COLLATE utf8mb4_unicode_ci DEFAULT NULL,
  `refresh_token` varchar(1000) COLLATE utf8mb4_unicode_ci DEFAULT NULL,
  `expires_at` datetime DEFAULT NULL,
  `created_at` timestamp NULL DEFAULT NULL,
  `updated_at` timestamp NULL DEFAULT NULL,
  PRIMARY KEY (`id`),
  KEY `connected_accounts_user_id_id_index` (`user_id`,`id`),
  KEY `connected_accounts_provider_provider_id_index` (`provider`,`provider_id`)
) ENGINE=InnoDB DEFAULT CHARSET=utf8mb4 COLLATE=utf8mb4_unicode_ci;
/*!40101 SET character_set_client = @saved_cs_client */;

--
-- Dumping data for table `connected_accounts`
--

LOCK TABLES `connected_accounts` WRITE;
/*!40000 ALTER TABLE `connected_accounts` DISABLE KEYS */;
/*!40000 ALTER TABLE `connected_accounts` ENABLE KEYS */;
UNLOCK TABLES;

--
-- Table structure for table `data_rows`
--

DROP TABLE IF EXISTS `data_rows`;
/*!40101 SET @saved_cs_client     = @@character_set_client */;
/*!50503 SET character_set_client = utf8mb4 */;
CREATE TABLE `data_rows` (
  `id` int unsigned NOT NULL AUTO_INCREMENT,
  `data_type_id` int unsigned NOT NULL,
  `field` varchar(255) COLLATE utf8mb4_unicode_ci NOT NULL,
  `type` varchar(255) COLLATE utf8mb4_unicode_ci NOT NULL,
  `display_name` varchar(255) COLLATE utf8mb4_unicode_ci NOT NULL,
  `required` tinyint(1) NOT NULL DEFAULT '0',
  `browse` tinyint(1) NOT NULL DEFAULT '1',
  `read` tinyint(1) NOT NULL DEFAULT '1',
  `edit` tinyint(1) NOT NULL DEFAULT '1',
  `add` tinyint(1) NOT NULL DEFAULT '1',
  `delete` tinyint(1) NOT NULL DEFAULT '1',
  `details` text COLLATE utf8mb4_unicode_ci,
  `order` int NOT NULL DEFAULT '1',
  PRIMARY KEY (`id`),
  KEY `data_rows_data_type_id_foreign` (`data_type_id`),
  CONSTRAINT `data_rows_data_type_id_foreign` FOREIGN KEY (`data_type_id`) REFERENCES `data_types` (`id`) ON DELETE CASCADE ON UPDATE CASCADE
) ENGINE=InnoDB AUTO_INCREMENT=56 DEFAULT CHARSET=utf8mb4 COLLATE=utf8mb4_unicode_ci;
/*!40101 SET character_set_client = @saved_cs_client */;

--
-- Dumping data for table `data_rows`
--

LOCK TABLES `data_rows` WRITE;
/*!40000 ALTER TABLE `data_rows` DISABLE KEYS */;
INSERT INTO `data_rows` VALUES (1,1,'id','number','ID',1,0,0,0,0,0,NULL,1),(2,1,'name','text','Name',1,1,1,1,1,1,NULL,2),(3,1,'email','text','Email',1,1,1,1,1,1,NULL,3),(4,1,'password','password','Password',1,0,0,1,1,0,NULL,4),(5,1,'remember_token','text','Remember Token',0,0,0,0,0,0,NULL,5),(6,1,'created_at','timestamp','Created At',0,1,1,0,0,0,NULL,6),(7,1,'updated_at','timestamp','Updated At',0,0,0,0,0,0,NULL,7),(8,1,'avatar','image','Avatar',0,1,1,1,1,1,NULL,8),(9,1,'user_belongsto_role_relationship','relationship','Role',0,1,1,1,1,0,'{\"model\":\"TCG\\\\Voyager\\\\Models\\\\Role\",\"table\":\"roles\",\"type\":\"belongsTo\",\"column\":\"role_id\",\"key\":\"id\",\"label\":\"display_name\",\"pivot_table\":\"roles\",\"pivot\":0}',10),(10,1,'user_belongstomany_role_relationship','relationship','voyager::seeders.data_rows.roles',0,1,1,1,1,0,'{\"model\":\"TCG\\\\Voyager\\\\Models\\\\Role\",\"table\":\"roles\",\"type\":\"belongsToMany\",\"column\":\"id\",\"key\":\"id\",\"label\":\"display_name\",\"pivot_table\":\"user_roles\",\"pivot\":\"1\",\"taggable\":\"0\"}',11),(11,1,'settings','hidden','Settings',0,0,0,0,0,0,NULL,12),(12,2,'id','number','ID',1,0,0,0,0,0,NULL,1),(13,2,'name','text','Name',1,1,1,1,1,1,NULL,2),(14,2,'created_at','timestamp','Created At',0,0,0,0,0,0,NULL,3),(15,2,'updated_at','timestamp','Updated At',0,0,0,0,0,0,NULL,4),(16,3,'id','number','ID',1,0,0,0,0,0,NULL,1),(17,3,'name','text','Name',1,1,1,1,1,1,NULL,2),(18,3,'created_at','timestamp','Created At',0,0,0,0,0,0,NULL,3),(19,3,'updated_at','timestamp','Updated At',0,0,0,0,0,0,NULL,4),(20,3,'display_name','text','Display Name',1,1,1,1,1,1,NULL,5),(21,1,'role_id','text','Role',1,1,1,1,1,1,NULL,9),(22,4,'id','number','ID',1,0,0,0,0,0,NULL,1),(23,4,'parent_id','select_dropdown','Parent',0,0,1,1,1,1,'{\"default\":\"\",\"null\":\"\",\"options\":{\"\":\"-- None --\"},\"relationship\":{\"key\":\"id\",\"label\":\"name\"}}',2),(24,4,'order','text','Order',1,1,1,1,1,1,'{\"default\":1}',3),(25,4,'name','text','Name',1,1,1,1,1,1,NULL,4),(26,4,'slug','text','Slug',1,1,1,1,1,1,'{\"slugify\":{\"origin\":\"name\"}}',5),(27,4,'created_at','timestamp','Created At',0,0,1,0,0,0,NULL,6),(28,4,'updated_at','timestamp','Updated At',0,0,0,0,0,0,NULL,7),(29,5,'id','number','ID',1,0,0,0,0,0,NULL,1),(30,5,'author_id','text','Author',1,0,1,1,0,1,NULL,2),(31,5,'category_id','text','Category',1,0,1,1,1,0,NULL,3),(32,5,'title','text','Title',1,1,1,1,1,1,NULL,4),(33,5,'excerpt','text_area','Excerpt',1,0,1,1,1,1,NULL,5),(34,5,'body','rich_text_box','Body',1,0,1,1,1,1,NULL,6),(35,5,'image','image','Post Image',0,1,1,1,1,1,'{\"resize\":{\"width\":\"1000\",\"height\":\"null\"},\"quality\":\"70%\",\"upsize\":true,\"thumbnails\":[{\"name\":\"medium\",\"scale\":\"50%\"},{\"name\":\"small\",\"scale\":\"25%\"},{\"name\":\"cropped\",\"crop\":{\"width\":\"300\",\"height\":\"250\"}}]}',7),(36,5,'slug','text','Slug',1,0,1,1,1,1,'{\"slugify\":{\"origin\":\"title\",\"forceUpdate\":true},\"validation\":{\"rule\":\"unique:posts,slug\"}}',8),(37,5,'meta_description','text_area','Meta Description',1,0,1,1,1,1,NULL,9),(38,5,'meta_keywords','text_area','Meta Keywords',1,0,1,1,1,1,NULL,10),(39,5,'status','select_dropdown','Status',1,1,1,1,1,1,'{\"default\":\"DRAFT\",\"options\":{\"PUBLISHED\":\"published\",\"DRAFT\":\"draft\",\"PENDING\":\"pending\"}}',11),(40,5,'created_at','timestamp','Created At',0,1,1,0,0,0,NULL,12),(41,5,'updated_at','timestamp','Updated At',0,0,0,0,0,0,NULL,13),(42,5,'seo_title','text','SEO Title',0,1,1,1,1,1,NULL,14),(43,5,'featured','checkbox','Featured',1,1,1,1,1,1,NULL,15),(44,6,'id','number','ID',1,0,0,0,0,0,NULL,1),(45,6,'author_id','text','Author',1,0,0,0,0,0,NULL,2),(46,6,'title','text','Title',1,1,1,1,1,1,NULL,3),(47,6,'excerpt','text_area','Excerpt',1,0,1,1,1,1,NULL,4),(48,6,'body','rich_text_box','Body',1,0,1,1,1,1,NULL,5),(49,6,'slug','text','Slug',1,0,1,1,1,1,'{\"slugify\":{\"origin\":\"title\"},\"validation\":{\"rule\":\"unique:pages,slug\"}}',6),(50,6,'meta_description','text','Meta Description',1,0,1,1,1,1,NULL,7),(51,6,'meta_keywords','text','Meta Keywords',1,0,1,1,1,1,NULL,8),(52,6,'status','select_dropdown','Status',1,1,1,1,1,1,'{\"default\":\"INACTIVE\",\"options\":{\"INACTIVE\":\"INACTIVE\",\"ACTIVE\":\"ACTIVE\"}}',9),(53,6,'created_at','timestamp','Created At',1,1,1,0,0,0,NULL,10),(54,6,'updated_at','timestamp','Updated At',1,0,0,0,0,0,NULL,11),(55,6,'image','image','Page Image',0,1,1,1,1,1,NULL,12);
/*!40000 ALTER TABLE `data_rows` ENABLE KEYS */;
UNLOCK TABLES;

--
-- Table structure for table `data_types`
--

DROP TABLE IF EXISTS `data_types`;
/*!40101 SET @saved_cs_client     = @@character_set_client */;
/*!50503 SET character_set_client = utf8mb4 */;
CREATE TABLE `data_types` (
  `id` int unsigned NOT NULL AUTO_INCREMENT,
  `name` varchar(255) COLLATE utf8mb4_unicode_ci NOT NULL,
  `slug` varchar(255) COLLATE utf8mb4_unicode_ci NOT NULL,
  `display_name_singular` varchar(255) COLLATE utf8mb4_unicode_ci NOT NULL,
  `display_name_plural` varchar(255) COLLATE utf8mb4_unicode_ci NOT NULL,
  `icon` varchar(255) COLLATE utf8mb4_unicode_ci DEFAULT NULL,
  `model_name` varchar(255) COLLATE utf8mb4_unicode_ci DEFAULT NULL,
  `policy_name` varchar(255) COLLATE utf8mb4_unicode_ci DEFAULT NULL,
  `controller` varchar(255) COLLATE utf8mb4_unicode_ci DEFAULT NULL,
  `description` varchar(255) COLLATE utf8mb4_unicode_ci DEFAULT NULL,
  `generate_permissions` tinyint(1) NOT NULL DEFAULT '0',
  `server_side` tinyint NOT NULL DEFAULT '0',
  `details` text COLLATE utf8mb4_unicode_ci,
  `created_at` timestamp NULL DEFAULT NULL,
  `updated_at` timestamp NULL DEFAULT NULL,
  PRIMARY KEY (`id`),
  UNIQUE KEY `data_types_name_unique` (`name`),
  UNIQUE KEY `data_types_slug_unique` (`slug`)
) ENGINE=InnoDB AUTO_INCREMENT=7 DEFAULT CHARSET=utf8mb4 COLLATE=utf8mb4_unicode_ci;
/*!40101 SET character_set_client = @saved_cs_client */;

--
-- Dumping data for table `data_types`
--

LOCK TABLES `data_types` WRITE;
/*!40000 ALTER TABLE `data_types` DISABLE KEYS */;
INSERT INTO `data_types` VALUES (1,'users','users','User','Users','voyager-person','TCG\\Voyager\\Models\\User','TCG\\Voyager\\Policies\\UserPolicy','TCG\\Voyager\\Http\\Controllers\\VoyagerUserController','',1,0,NULL,'2021-09-15 02:10:07','2021-09-15 02:10:07'),(2,'menus','menus','Menu','Menus','voyager-list','TCG\\Voyager\\Models\\Menu',NULL,'','',1,0,NULL,'2021-09-15 02:10:07','2021-09-15 02:10:07'),(3,'roles','roles','Role','Roles','voyager-lock','TCG\\Voyager\\Models\\Role',NULL,'TCG\\Voyager\\Http\\Controllers\\VoyagerRoleController','',1,0,NULL,'2021-09-15 02:10:07','2021-09-15 02:10:07'),(4,'categories','categories','Category','Categories','voyager-categories','TCG\\Voyager\\Models\\Category',NULL,'','',1,0,NULL,'2021-09-15 02:10:08','2021-09-15 02:10:08'),(5,'posts','posts','Post','Posts','voyager-news','TCG\\Voyager\\Models\\Post','TCG\\Voyager\\Policies\\PostPolicy','','',1,0,NULL,'2021-09-15 02:10:08','2021-09-15 02:10:08'),(6,'pages','pages','Page','Pages','voyager-file-text','TCG\\Voyager\\Models\\Page',NULL,'','',1,0,NULL,'2021-09-15 02:10:09','2021-09-15 02:10:09');
/*!40000 ALTER TABLE `data_types` ENABLE KEYS */;
UNLOCK TABLES;

--
-- Table structure for table `failed_jobs`
--

DROP TABLE IF EXISTS `failed_jobs`;
/*!40101 SET @saved_cs_client     = @@character_set_client */;
/*!50503 SET character_set_client = utf8mb4 */;
CREATE TABLE `failed_jobs` (
  `id` bigint unsigned NOT NULL AUTO_INCREMENT,
  `uuid` varchar(255) COLLATE utf8mb4_unicode_ci NOT NULL,
  `connection` text COLLATE utf8mb4_unicode_ci NOT NULL,
  `queue` text COLLATE utf8mb4_unicode_ci NOT NULL,
  `payload` longtext COLLATE utf8mb4_unicode_ci NOT NULL,
  `exception` longtext COLLATE utf8mb4_unicode_ci NOT NULL,
  `failed_at` timestamp NOT NULL DEFAULT CURRENT_TIMESTAMP,
  PRIMARY KEY (`id`),
  UNIQUE KEY `failed_jobs_uuid_unique` (`uuid`)
) ENGINE=InnoDB DEFAULT CHARSET=utf8mb4 COLLATE=utf8mb4_unicode_ci;
/*!40101 SET character_set_client = @saved_cs_client */;

--
-- Dumping data for table `failed_jobs`
--

LOCK TABLES `failed_jobs` WRITE;
/*!40000 ALTER TABLE `failed_jobs` DISABLE KEYS */;
/*!40000 ALTER TABLE `failed_jobs` ENABLE KEYS */;
UNLOCK TABLES;

--
-- Table structure for table `jobs`
--

DROP TABLE IF EXISTS `jobs`;
/*!40101 SET @saved_cs_client     = @@character_set_client */;
/*!50503 SET character_set_client = utf8mb4 */;
CREATE TABLE `jobs` (
  `id` bigint unsigned NOT NULL AUTO_INCREMENT,
  `title` varchar(255) COLLATE utf8mb4_unicode_ci NOT NULL,
  `url` varchar(255) COLLATE utf8mb4_unicode_ci NOT NULL,
  `description` text COLLATE utf8mb4_unicode_ci,
  `posted_date` timestamp NOT NULL DEFAULT '2021-09-15 01:49:26',
  `location` varchar(255) COLLATE utf8mb4_unicode_ci DEFAULT NULL,
  `company` varchar(255) COLLATE utf8mb4_unicode_ci DEFAULT NULL,
  `company_logo` varchar(255) COLLATE utf8mb4_unicode_ci DEFAULT NULL,
  `source` varchar(255) COLLATE utf8mb4_unicode_ci NOT NULL,
  `created_at` timestamp NULL DEFAULT NULL,
  `updated_at` timestamp NULL DEFAULT NULL,
  PRIMARY KEY (`id`),
  UNIQUE KEY `jobs_url_unique` (`url`)
) ENGINE=InnoDB AUTO_INCREMENT=87 DEFAULT CHARSET=utf8mb4 COLLATE=utf8mb4_unicode_ci;
/*!40101 SET character_set_client = @saved_cs_client */;

--
-- Dumping data for table `jobs`
--

LOCK TABLES `jobs` WRITE;
/*!40000 ALTER TABLE `jobs` DISABLE KEYS */;
INSERT INTO `jobs` VALUES (1,'Senior PHP developer (Laravel)','https://remotive.io/remote-jobs/software-dev/senior-php-developer-laravel-732518','<p dir=\"ltr\" style=\"margin-top: 14pt; margin-bottom: 14pt; line-height: 1.8;\"><span style=\"background-color: transparent; font-size: 12pt; font-variant-numeric: normal; font-variant-east-asian: normal; font-family: Roboto, sans-serif; color: rgb(0, 0, 0); vertical-align: baseline; white-space: pre-wrap;\">Do you want to use your coding skills to improve the lives of millions of people? Are you brave enough to </span><span style=\"background-color: transparent; font-size: 12pt; font-variant-numeric: normal; font-variant-east-asian: normal; font-family: Roboto, sans-serif; color: rgb(0, 0, 0); font-weight: 700; vertical-align: baseline; white-space: pre-wrap;\">let millions of UX designers use your code</span><span style=\"background-color: transparent; font-size: 12pt; font-variant-numeric: normal; font-variant-east-asian: normal; font-family: Roboto, sans-serif; color: rgb(0, 0, 0); vertical-align: baseline; white-space: pre-wrap;\">? Are you obsessive about your own </span><span style=\"background-color: transparent; font-size: 12pt; font-variant-numeric: normal; font-variant-east-asian: normal; font-family: Roboto, sans-serif; color: rgb(0, 0, 0); font-weight: 700; vertical-align: baseline; white-space: pre-wrap;\">professional development</span><span style=\"background-color: transparent; font-size: 12pt; font-variant-numeric: normal; font-variant-east-asian: normal; font-family: Roboto, sans-serif; color: rgb(0, 0, 0); vertical-align: baseline; white-space: pre-wrap;\"> and </span><span style=\"background-color: transparent; font-size: 12pt; font-variant-numeric: normal; font-variant-east-asian: normal; font-family: Roboto, sans-serif; color: rgb(0, 0, 0); font-weight: 700; vertical-align: baseline; white-space: pre-wrap;\">continuous learning-through-doing</span><span style=\"background-color: transparent; font-size: 12pt; font-variant-numeric: normal; font-variant-east-asian: normal; font-family: Roboto, sans-serif; color: rgb(0, 0, 0); vertical-align: baseline; white-space: pre-wrap;\">? Then read on! </span><br></p><p dir=\"ltr\" style=\"margin-top: 14pt; margin-bottom: 14pt; line-height: 1.8;\"><span style=\"font-size: 12pt; font-family: Roboto, sans-serif; color: rgb(0, 0, 0); background-color: transparent; font-variant-numeric: normal; font-variant-east-asian: normal; vertical-align: baseline; white-space: pre-wrap;\">The Interaction Design Foundation is the biggest online design school globally. Founded in 2002, we have over 90,000 graduates and counting. We\'re </span><span style=\"font-size: 12pt; font-family: Roboto, sans-serif; color: rgb(0, 0, 0); background-color: transparent; font-weight: 700; font-variant-numeric: normal; font-variant-east-asian: normal; vertical-align: baseline; white-space: pre-wrap;\">market leaders</span><span style=\"font-size: 12pt; font-family: Roboto, sans-serif; color: rgb(0, 0, 0); background-color: transparent; font-variant-numeric: normal; font-variant-east-asian: normal; vertical-align: baseline; white-space: pre-wrap;\"> in online design education because </span><span style=\"font-size: 12pt; font-family: Roboto, sans-serif; color: rgb(0, 0, 0); background-color: transparent; font-weight: 700; font-variant-numeric: normal; font-variant-east-asian: normal; vertical-align: baseline; white-space: pre-wrap;\">the world\'s leading experts</span><span style=\"font-size: 12pt; font-family: Roboto, sans-serif; color: rgb(0, 0, 0); background-color: transparent; font-variant-numeric: normal; font-variant-east-asian: normal; vertical-align: baseline; white-space: pre-wrap;\"> create our content and because we\'re specialized in design. What’s more, with over 1.5 million monthly visitors, we are at the forefront of providing premier design education to such organizations as IBM and SAP, as well as thousands of other companies. Our ever-growing community now needs a first-class back-end developer to </span><span style=\"font-size: 12pt; font-family: Roboto, sans-serif; color: rgb(0, 0, 0); background-color: transparent; font-weight: 700; font-variant-numeric: normal; font-variant-east-asian: normal; vertical-align: baseline; white-space: pre-wrap;\">help craft the ultimate user experience</span><span style=\"font-size: 12pt; font-family: Roboto, sans-serif; color: rgb(0, 0, 0); background-color: transparent; font-variant-numeric: normal; font-variant-east-asian: normal; vertical-align: baseline; white-space: pre-wrap;\">.</span></p><p dir=\"ltr\" style=\"margin-top: 14pt; margin-bottom: 14pt; line-height: 1.8;\"><span style=\"font-size: 12pt; font-family: Roboto, sans-serif; color: rgb(0, 0, 0); background-color: transparent; font-variant-numeric: normal; font-variant-east-asian: normal; vertical-align: baseline; white-space: pre-wrap;\">This is where your </span><span style=\"font-size: 12pt; font-family: Roboto, sans-serif; color: rgb(0, 0, 0); background-color: transparent; font-weight: 700; font-variant-numeric: normal; font-variant-east-asian: normal; vertical-align: baseline; white-space: pre-wrap;\">longing for</span><span style=\"font-size: 12pt; font-family: Roboto, sans-serif; color: rgb(0, 0, 0); background-color: transparent; font-variant-numeric: normal; font-variant-east-asian: normal; vertical-align: baseline; white-space: pre-wrap;\"> </span><span style=\"font-size: 12pt; font-family: Roboto, sans-serif; color: rgb(0, 0, 0); background-color: transparent; font-weight: 700; font-variant-numeric: normal; font-variant-east-asian: normal; vertical-align: baseline; white-space: pre-wrap;\">meaningfulness in your work and your hard-science coding skills </span><span style=\"font-size: 12pt; font-family: Roboto, sans-serif; color: rgb(0, 0, 0); background-color: transparent; font-variant-numeric: normal; font-variant-east-asian: normal; vertical-align: baseline; white-space: pre-wrap;\">merge: Every time your code is executed,</span><span style=\"font-size: 12pt; font-family: Roboto, sans-serif; color: rgb(0, 0, 0); background-color: transparent; font-weight: 700; font-variant-numeric: normal; font-variant-east-asian: normal; vertical-align: baseline; white-space: pre-wrap;\"> you help improve the life of a human being</span><span style=\"font-size: 12pt; font-family: Roboto, sans-serif; color: rgb(0, 0, 0); background-color: transparent; font-variant-numeric: normal; font-variant-east-asian: normal; vertical-align: baseline; white-space: pre-wrap;\">. And not only that, those members will likely go on to design better products and services to the benefit of all humankind.</span></p><p dir=\"ltr\" style=\"margin-top: 14pt; margin-bottom: 14pt; line-height: 1.8;\"><span style=\"font-size: 12pt; font-family: Roboto, sans-serif; color: rgb(0, 0, 0); background-color: transparent; font-weight: 700; font-variant-numeric: normal; font-variant-east-asian: normal; vertical-align: baseline; white-space: pre-wrap;\">Our codebase is our baby</span><span style=\"font-size: 12pt; font-family: Roboto, sans-serif; color: rgb(0, 0, 0); background-color: transparent; font-variant-numeric: normal; font-variant-east-asian: normal; vertical-align: baseline; white-space: pre-wrap;\"> and it can never become too perfect. It is a </span><span style=\"font-size: 12pt; font-family: Roboto, sans-serif; color: rgb(0, 0, 0); background-color: transparent; font-weight: 700; font-variant-numeric: normal; font-variant-east-asian: normal; vertical-align: baseline; white-space: pre-wrap;\">vital part of our winning formula</span><span style=\"font-size: 12pt; font-family: Roboto, sans-serif; color: rgb(0, 0, 0); background-color: transparent; font-variant-numeric: normal; font-variant-east-asian: normal; vertical-align: baseline; white-space: pre-wrap;\">. You will, therefore, become </span><span style=\"font-size: 12pt; font-family: Roboto, sans-serif; color: rgb(0, 0, 0); background-color: transparent; font-weight: 700; font-variant-numeric: normal; font-variant-east-asian: normal; vertical-align: baseline; white-space: pre-wrap;\">an essential part of our long-term success</span><span style=\"font-size: 12pt; font-family: Roboto, sans-serif; color: rgb(0, 0, 0); background-color: transparent; font-variant-numeric: normal; font-variant-east-asian: normal; vertical-align: baseline; white-space: pre-wrap;\">, someone who is making a </span><span style=\"font-size: 12pt; font-family: Roboto, sans-serif; color: rgb(0, 0, 0); background-color: transparent; font-weight: 700; font-variant-numeric: normal; font-variant-east-asian: normal; vertical-align: baseline; white-space: pre-wrap;\">direct impact</span><span style=\"font-size: 12pt; font-family: Roboto, sans-serif; color: rgb(0, 0, 0); background-color: transparent; font-variant-numeric: normal; font-variant-east-asian: normal; vertical-align: baseline; white-space: pre-wrap;\"> on not only the growth and reputation of our foundation but also the whole world of design education and beyond!</span></p><p dir=\"ltr\" style=\"margin-top: 0pt; margin-bottom: 11.25pt; line-height: 1.8;\"><span style=\"font-size: 12pt; font-family: Roboto, sans-serif; color: rgb(0, 0, 0); background-color: transparent; font-variant-numeric: normal; font-variant-east-asian: normal; vertical-align: baseline; white-space: pre-wrap;\">This is a paid </span><span style=\"font-size: 12pt; font-family: Roboto, sans-serif; color: rgb(0, 0, 0); background-color: transparent; font-weight: 700; font-variant-numeric: normal; font-variant-east-asian: normal; vertical-align: baseline; white-space: pre-wrap;\">full-time</span><span style=\"font-size: 12pt; font-family: Roboto, sans-serif; color: rgb(0, 0, 0); background-color: transparent; font-variant-numeric: normal; font-variant-east-asian: normal; vertical-align: baseline; white-space: pre-wrap;\"> position which is </span><span style=\"font-size: 12pt; font-family: Roboto, sans-serif; color: rgb(0, 0, 0); background-color: transparent; font-weight: 700; font-variant-numeric: normal; font-variant-east-asian: normal; vertical-align: baseline; white-space: pre-wrap;\">location independent</span><span style=\"font-size: 12pt; font-family: Roboto, sans-serif; color: rgb(0, 0, 0); background-color: transparent; font-variant-numeric: normal; font-variant-east-asian: normal; vertical-align: baseline; white-space: pre-wrap;\">. You will have regular video-based contact with your colleagues and get to meet them physically on team trips.</span></p><br><div class=\"h2\" dir=\"ltr\" style=\"margin-top: 10pt; margin-bottom: 6pt; line-height: 1.8; color: rgb(42, 42, 42);\"><span style=\"font-size: 20pt; font-family: Georgia; color: rgb(90, 89, 91); background-color: transparent; font-weight: 700; font-variant-numeric: normal; font-variant-east-asian: normal; vertical-align: baseline; white-space: pre-wrap;\">What you will be doing</span></div><p dir=\"ltr\" style=\"margin-top: 0pt; margin-bottom: 8pt; line-height: 1.8;\"><span style=\"font-size: 12pt; font-family: Roboto, sans-serif; color: rgb(0, 0, 0); background-color: transparent; font-variant-numeric: normal; font-variant-east-asian: normal; vertical-align: baseline; white-space: pre-wrap;\">You will join our team as our Senior PHP Developer (Laravel) and your main responsibilities will be to:</span></p><ul style=\"padding-inline-start: 48px;\"><li dir=\"ltr\" style=\"list-style-type: disc; font-size: 10pt; font-family: Roboto, sans-serif; color: rgb(0, 0, 0); background-color: transparent; font-variant-numeric: normal; font-variant-east-asian: normal; vertical-align: baseline; white-space: pre;\"><p dir=\"ltr\" style=\"margin-top: 0pt; margin-bottom: 0pt; line-height: 1.8;\"><span style=\"font-size: 12pt; background-color: transparent; font-variant-numeric: normal; font-variant-east-asian: normal; vertical-align: baseline; white-space: pre-wrap;\">Write clean and maintainable code with good test coverage.</span></p></li><li dir=\"ltr\" style=\"list-style-type: disc; font-size: 10pt; font-family: Roboto, sans-serif; color: rgb(0, 0, 0); background-color: transparent; font-variant-numeric: normal; font-variant-east-asian: normal; vertical-align: baseline; white-space: pre;\"><p dir=\"ltr\" style=\"margin-top: 0pt; margin-bottom: 0pt; line-height: 1.8;\"><span style=\"font-size: 12pt; background-color: transparent; font-variant-numeric: normal; font-variant-east-asian: normal; vertical-align: baseline; white-space: pre-wrap;\">Implement new features in collaboration with our design team.</span></p></li><li dir=\"ltr\" style=\"list-style-type: disc; font-size: 10pt; font-family: Roboto, sans-serif; color: rgb(0, 0, 0); background-color: transparent; font-variant-numeric: normal; font-variant-east-asian: normal; vertical-align: baseline; white-space: pre;\"><p dir=\"ltr\" style=\"margin-top: 0pt; margin-bottom: 0pt; line-height: 1.8;\"><span style=\"font-size: 12pt; background-color: transparent; font-variant-numeric: normal; font-variant-east-asian: normal; vertical-align: baseline; white-space: pre-wrap;\">Optimize existing code to perfection with special attention to performance and maintainability.</span></p></li><li dir=\"ltr\" style=\"list-style-type: disc; font-size: 10pt; font-family: Roboto, sans-serif; color: rgb(0, 0, 0); background-color: transparent; font-variant-numeric: normal; font-variant-east-asian: normal; vertical-align: baseline; white-space: pre;\"><p dir=\"ltr\" style=\"margin-top: 0pt; margin-bottom: 0pt; line-height: 1.8;\"><span style=\"font-size: 12pt; background-color: transparent; font-variant-numeric: normal; font-variant-east-asian: normal; vertical-align: baseline; white-space: pre-wrap;\">Do code review of your colleagues’ work.</span></p></li><li dir=\"ltr\" style=\"list-style-type: disc; font-size: 10pt; font-family: Roboto, sans-serif; color: rgb(0, 0, 0); background-color: transparent; font-variant-numeric: normal; font-variant-east-asian: normal; vertical-align: baseline; white-space: pre;\"><p dir=\"ltr\" style=\"margin-top: 0pt; margin-bottom: 0pt; line-height: 1.8;\"><span style=\"font-size: 12pt; background-color: transparent; font-variant-numeric: normal; font-variant-east-asian: normal; vertical-align: baseline; white-space: pre-wrap;\">Help improve our Design System at </span><a href=\"https://design-system.interaction-design.org/\" rel=\"nofollow\" style=\"text-decoration: none;\"><span style=\"font-size: 12pt; color: rgb(17, 85, 204); background-color: transparent; font-variant-numeric: normal; font-variant-east-asian: normal; text-decoration-line: underline; text-decoration-skip-ink: none; vertical-align: baseline; white-space: pre-wrap;\">https://design-system.interaction-design.org</span></a><span style=\"font-size: 12pt; background-color: transparent; font-variant-numeric: normal; font-variant-east-asian: normal; vertical-align: baseline; white-space: pre-wrap;\"> </span></p></li><li dir=\"ltr\" style=\"list-style-type: disc; font-size: 10pt; font-family: Roboto, sans-serif; color: rgb(0, 0, 0); background-color: transparent; font-variant-numeric: normal; font-variant-east-asian: normal; vertical-align: baseline; white-space: pre;\"><p dir=\"ltr\" style=\"margin-top: 0pt; margin-bottom: 0pt; line-height: 1.8;\"><span style=\"font-size: 12pt; background-color: transparent; font-variant-numeric: normal; font-variant-east-asian: normal; vertical-align: baseline; white-space: pre-wrap;\">Help yourself, and the whole team, get better and better. For example, by improving our handbook at </span><a href=\"https://handbook.interaction-design.org/\" rel=\"nofollow\" style=\"text-decoration: none;\"><span style=\"font-size: 12pt; color: rgb(17, 85, 204); background-color: transparent; font-variant-numeric: normal; font-variant-east-asian: normal; text-decoration-line: underline; text-decoration-skip-ink: none; vertical-align: baseline; white-space: pre-wrap;\">https://handbook.interaction-design.org</span></a><span style=\"font-size: 12pt; background-color: transparent; font-variant-numeric: normal; font-variant-east-asian: normal; vertical-align: baseline; white-space: pre-wrap;\">. Or use our library of evergreen literature on back-end and front-end subjects to broaden your horizon.</span></p></li></ul><br><div class=\"h2\" dir=\"ltr\" style=\"margin-top: 10pt; margin-bottom: 6pt; line-height: 1.8; color: rgb(42, 42, 42);\"><span style=\"font-size: 20pt; font-family: Georgia; color: rgb(90, 89, 91); background-color: transparent; font-weight: 700; font-variant-numeric: normal; font-variant-east-asian: normal; vertical-align: baseline; white-space: pre-wrap;\">You and our future-proof stack</span></div><ul style=\"padding-inline-start: 48px;\"><li dir=\"ltr\" style=\"list-style-type: disc; font-size: 12pt; font-family: Roboto, sans-serif; color: rgb(0, 0, 0); background-color: transparent; font-variant-numeric: normal; font-variant-east-asian: normal; vertical-align: baseline; white-space: pre;\"><p dir=\"ltr\" style=\"margin-top: 0pt; margin-bottom: 0pt; line-height: 1.8;\"><span style=\"font-size: 12pt; background-color: transparent; font-variant-numeric: normal; font-variant-east-asian: normal; vertical-align: baseline; white-space: pre-wrap;\">We seek a balance between sticking with what works and fearlessly exploring the new.</span></p></li><li dir=\"ltr\" style=\"list-style-type: disc; font-size: 12pt; font-family: Roboto, sans-serif; color: rgb(0, 0, 0); background-color: transparent; font-variant-numeric: normal; font-variant-east-asian: normal; vertical-align: baseline; white-space: pre;\"><p dir=\"ltr\" style=\"margin-top: 0pt; margin-bottom: 0pt; line-height: 1.8;\"><span style=\"font-size: 12pt; background-color: transparent; font-variant-numeric: normal; font-variant-east-asian: normal; vertical-align: baseline; white-space: pre-wrap;\">We use the latest stable version of PHP 7 because it allows us to write better code using features like strict type declarations, typed class properties and arrow functions.</span></p></li><li dir=\"ltr\" style=\"list-style-type: disc; font-size: 12pt; font-family: Roboto, sans-serif; color: rgb(0, 0, 0); background-color: transparent; font-variant-numeric: normal; font-variant-east-asian: normal; vertical-align: baseline; white-space: pre;\"><p dir=\"ltr\" style=\"margin-top: 0pt; margin-bottom: 0pt; line-height: 1.8;\"><span style=\"font-size: 12pt; background-color: transparent; font-variant-numeric: normal; font-variant-east-asian: normal; vertical-align: baseline; white-space: pre-wrap;\">We leverage the elegance, simplicity and readability of the latest Laravel version.</span></p></li><li dir=\"ltr\" style=\"list-style-type: disc; font-size: 12pt; font-family: Roboto, sans-serif; color: rgb(0, 0, 0); background-color: transparent; font-variant-numeric: normal; font-variant-east-asian: normal; vertical-align: baseline; white-space: pre;\"><p dir=\"ltr\" style=\"margin-top: 0pt; margin-bottom: 0pt; line-height: 1.8;\"><span style=\"font-size: 12pt; background-color: transparent; font-variant-numeric: normal; font-variant-east-asian: normal; vertical-align: baseline; white-space: pre-wrap;\">We want to spend our precious time on things that matter the most; that\'s why we perfect our easy to run development environment with Homestead and custom scripts.</span></p></li><li dir=\"ltr\" style=\"list-style-type: disc; font-size: 12pt; font-family: Roboto, sans-serif; color: rgb(0, 0, 0); background-color: transparent; font-variant-numeric: normal; font-variant-east-asian: normal; vertical-align: baseline; white-space: pre;\"><p dir=\"ltr\" style=\"margin-top: 0pt; margin-bottom: 0pt; line-height: 1.8;\"><span style=\"font-size: 12pt; background-color: transparent; font-variant-numeric: normal; font-variant-east-asian: normal; vertical-align: baseline; white-space: pre-wrap;\">We write and run tests with PHPUnit and cypress.io.</span></p></li><li dir=\"ltr\" style=\"list-style-type: disc; font-size: 12pt; font-family: Roboto, sans-serif; color: rgb(0, 0, 0); background-color: transparent; font-variant-numeric: normal; font-variant-east-asian: normal; vertical-align: baseline; white-space: pre;\"><p dir=\"ltr\" style=\"margin-top: 0pt; margin-bottom: 0pt; line-height: 1.8;\"><span style=\"font-size: 12pt; background-color: transparent; font-variant-numeric: normal; font-variant-east-asian: normal; vertical-align: baseline; white-space: pre-wrap;\">We have a great set of tools to maintain the code quality and run on CI/CD (psalm (error level 4 with 94% type coverage), rector, phpcs, phpcpd etc.)</span></p></li><li dir=\"ltr\" style=\"list-style-type: disc; font-size: 12pt; font-family: Roboto, sans-serif; color: rgb(0, 0, 0); background-color: transparent; font-variant-numeric: normal; font-variant-east-asian: normal; vertical-align: baseline; white-space: pre;\"><p dir=\"ltr\" style=\"margin-top: 0pt; margin-bottom: 0pt; line-height: 1.8;\"><span style=\"font-size: 12pt; background-color: transparent; font-variant-numeric: normal; font-variant-east-asian: normal; vertical-align: baseline; white-space: pre-wrap;\">We’re constantly refactoring our front-end code with the goal of reaching front-end heaven:</span></p></li><ul style=\"margin-top: 0px; margin-bottom: 0px; padding-inline-start: 48px;\"><li dir=\"ltr\" style=\"list-style-type: circle; font-size: 12pt; font-family: Roboto, sans-serif; color: rgb(0, 0, 0); background-color: transparent; font-variant-numeric: normal; font-variant-east-asian: normal; vertical-align: baseline; white-space: pre;\"><p dir=\"ltr\" style=\"margin-top: 0pt; margin-bottom: 0pt; line-height: 1.8;\"><span style=\"font-size: 12pt; background-color: transparent; font-variant-numeric: normal; font-variant-east-asian: normal; vertical-align: baseline; white-space: pre-wrap;\">Laravel Blade template engine.</span></p></li><li dir=\"ltr\" style=\"list-style-type: circle; font-size: 12pt; font-family: Roboto, sans-serif; color: rgb(0, 0, 0); background-color: transparent; font-variant-numeric: normal; font-variant-east-asian: normal; vertical-align: baseline; white-space: pre;\"><p dir=\"ltr\" style=\"margin-top: 0pt; margin-bottom: 0pt; line-height: 1.8;\"><span style=\"font-size: 12pt; background-color: transparent; font-variant-numeric: normal; font-variant-east-asian: normal; vertical-align: baseline; white-space: pre-wrap;\">PostCSS to maximize the power of modern CSS.</span></p></li><li dir=\"ltr\" style=\"list-style-type: circle; font-size: 12pt; font-family: Roboto, sans-serif; color: rgb(0, 0, 0); background-color: transparent; font-variant-numeric: normal; font-variant-east-asian: normal; vertical-align: baseline; white-space: pre;\"><p dir=\"ltr\" style=\"margin-top: 0pt; margin-bottom: 0pt; line-height: 1.8;\"><span style=\"font-size: 12pt; background-color: transparent; font-variant-numeric: normal; font-variant-east-asian: normal; vertical-align: baseline; white-space: pre-wrap;\">Webpack for perfect control over front-end assets.</span></p></li><li dir=\"ltr\" style=\"list-style-type: circle; font-size: 12pt; font-family: Roboto, sans-serif; color: rgb(0, 0, 0); background-color: transparent; font-variant-numeric: normal; font-variant-east-asian: normal; vertical-align: baseline; white-space: pre;\"><p dir=\"ltr\" style=\"margin-top: 0pt; margin-bottom: 0pt; line-height: 1.8;\"><span style=\"font-size: 12pt; background-color: transparent; font-variant-numeric: normal; font-variant-east-asian: normal; vertical-align: baseline; white-space: pre-wrap;\">Latest JS with support for ES2020+ features. To accomplish this we use the latest Babel releases.</span></p></li><li dir=\"ltr\" style=\"list-style-type: circle; font-size: 12pt; font-family: Roboto, sans-serif; color: rgb(0, 0, 0); background-color: transparent; font-variant-numeric: normal; font-variant-east-asian: normal; vertical-align: baseline; white-space: pre;\"><p dir=\"ltr\" style=\"margin-top: 0pt; margin-bottom: 0pt; line-height: 1.8;\"><span style=\"font-size: 12pt; background-color: transparent; font-variant-numeric: normal; font-variant-east-asian: normal; vertical-align: baseline; white-space: pre-wrap;\">BEM/ITCSS in combination with </span><a href=\"https://tailwindcss.com/\" rel=\"nofollow\" style=\"text-decoration: none;\"><span style=\"font-size: 12pt; color: rgb(17, 85, 204); background-color: transparent; font-variant-numeric: normal; font-variant-east-asian: normal; text-decoration-line: underline; text-decoration-skip-ink: none; vertical-align: baseline; white-space: pre-wrap;\">Tailwind CSS</span></a><span style=\"font-size: 12pt; background-color: transparent; font-variant-numeric: normal; font-variant-east-asian: normal; vertical-align: baseline; white-space: pre-wrap;\"> based utility classes.</span></p></li><li dir=\"ltr\" style=\"list-style-type: circle; font-size: 12pt; font-family: Roboto, sans-serif; color: rgb(0, 0, 0); background-color: transparent; font-variant-numeric: normal; font-variant-east-asian: normal; vertical-align: baseline; white-space: pre;\"><p dir=\"ltr\" style=\"margin-top: 0pt; margin-bottom: 0pt; line-height: 1.8;\"><span style=\"font-size: 12pt; background-color: transparent; font-variant-numeric: normal; font-variant-east-asian: normal; vertical-align: baseline; white-space: pre-wrap;\">A custom-made design system (</span><a href=\"https://design-system.interaction-design.org/\" rel=\"nofollow\" style=\"text-decoration: none;\"><span style=\"font-size: 12pt; color: rgb(17, 85, 204); background-color: transparent; font-variant-numeric: normal; font-variant-east-asian: normal; text-decoration-line: underline; text-decoration-skip-ink: none; vertical-align: baseline; white-space: pre-wrap;\">https://design-system.interaction-design.org</span></a><span style=\"font-size: 12pt; background-color: transparent; font-variant-numeric: normal; font-variant-east-asian: normal; vertical-align: baseline; white-space: pre-wrap;\">) to achieve consistency and ease of use.</span></p></li></ul></ul><br><p dir=\"ltr\" style=\"margin-top: 0pt; margin-bottom: 0pt; line-height: 1.8;\"><span style=\"font-size: 12pt; font-family: Roboto, sans-serif; color: rgb(0, 0, 0); background-color: transparent; font-variant-numeric: normal; font-variant-east-asian: normal; vertical-align: baseline; white-space: pre-wrap;\">Forget IE and clunky workarounds for compatibility with other dinosaur browsers: We spend our time only on modern Web APIs since we only support evergreen browsers.</span></p><br><p dir=\"ltr\" style=\"margin-top: 0pt; margin-bottom: 0pt; line-height: 1.8;\"><span style=\"font-size: 12pt; font-family: Roboto, sans-serif; color: rgb(0, 0, 0); background-color: transparent; font-variant-numeric: normal; font-variant-east-asian: normal; vertical-align: baseline; white-space: pre-wrap;\">We </span><span style=\'font-size: 12pt; font-family: \"Quattrocento Sans\", sans-serif; color: rgb(0, 0, 0); background-color: transparent; font-variant-numeric: normal; font-variant-east-asian: normal; vertical-align: baseline; white-space: pre-wrap;\'>❤</span><span style=\"font-size: 12pt; font-family: Roboto, sans-serif; color: rgb(0, 0, 0); background-color: transparent; font-variant-numeric: normal; font-variant-east-asian: normal; vertical-align: baseline; white-space: pre-wrap;\"> CI (Continuous Integration) and CD (Continuous Delivery) so we usually deploy a few releases per day: Zero downtime. Just a few buttons to push. No sweaty palms.</span></p><br><p dir=\"ltr\" style=\"margin-top: 0pt; margin-bottom: 0pt; line-height: 1.8;\"><span style=\"font-size: 12pt; font-family: Roboto, sans-serif; color: rgb(0, 0, 0); background-color: transparent; font-variant-numeric: normal; font-variant-east-asian: normal; vertical-align: baseline; white-space: pre-wrap;\">We care deeply about Developer Experience (DX) of our codebase and tools. DX and DevOps is our middle name: Git, GitHub, Docker, HTTP/2, Assets CDN, AWS, Enterprise SSDs on our high-spec servers, and much more.</span></p><br><div class=\"h2\" dir=\"ltr\" style=\"margin-top: 10pt; margin-bottom: 6pt; line-height: 1.8; color: rgb(42, 42, 42);\"><span style=\"font-size: 20pt; font-family: Georgia; color: rgb(90, 89, 91); background-color: transparent; font-weight: 700; font-variant-numeric: normal; font-variant-east-asian: normal; vertical-align: baseline; white-space: pre-wrap;\">About you</span></div><ul style=\"padding-inline-start: 48px;\"><li dir=\"ltr\" style=\"list-style-type: disc; font-size: 10pt; font-family: Roboto, sans-serif; color: rgb(0, 0, 0); background-color: transparent; font-variant-numeric: normal; font-variant-east-asian: normal; vertical-align: baseline; white-space: pre;\"><p dir=\"ltr\" style=\"margin-top: 0pt; margin-bottom: 0pt; line-height: 1.8;\"><span style=\"font-size: 12pt; background-color: transparent; font-variant-numeric: normal; font-variant-east-asian: normal; vertical-align: baseline; white-space: pre-wrap;\">You have expert knowledge of PHP.</span></p></li><li dir=\"ltr\" style=\"list-style-type: disc; font-size: 10pt; font-family: Roboto, sans-serif; color: rgb(0, 0, 0); background-color: transparent; font-variant-numeric: normal; font-variant-east-asian: normal; vertical-align: baseline; white-space: pre;\"><p dir=\"ltr\" style=\"margin-top: 0pt; margin-bottom: 0pt; line-height: 1.8;\"><span style=\"font-size: 12pt; background-color: transparent; font-variant-numeric: normal; font-variant-east-asian: normal; vertical-align: baseline; white-space: pre-wrap;\">You have expert knowledge of Laravel or Symfony.</span></p></li><li dir=\"ltr\" style=\"list-style-type: disc; font-size: 10pt; font-family: Roboto, sans-serif; color: rgb(0, 0, 0); background-color: transparent; font-variant-numeric: normal; font-variant-east-asian: normal; vertical-align: baseline; white-space: pre;\"><p dir=\"ltr\" style=\"margin-top: 0pt; margin-bottom: 0pt; line-height: 1.8;\"><span style=\"font-size: 12pt; background-color: transparent; font-variant-numeric: normal; font-variant-east-asian: normal; vertical-align: baseline; white-space: pre-wrap;\">You have 6+ years of experience working professionally with OOP.</span></p></li><li dir=\"ltr\" style=\"list-style-type: disc; font-size: 10pt; font-family: Roboto, sans-serif; color: rgb(0, 0, 0); background-color: transparent; font-variant-numeric: normal; font-variant-east-asian: normal; vertical-align: baseline; white-space: pre;\"><p dir=\"ltr\" style=\"margin-top: 0pt; margin-bottom: 0pt; line-height: 1.8;\"><span style=\"font-size: 12pt; background-color: transparent; font-variant-numeric: normal; font-variant-east-asian: normal; vertical-align: baseline; white-space: pre-wrap;\">Your work is based on a solid foundation in computer science fundamentals from data structures and algorithms to design patterns.</span></p></li><li dir=\"ltr\" style=\"list-style-type: disc; font-size: 10pt; font-family: Roboto, sans-serif; color: rgb(0, 0, 0); background-color: transparent; font-variant-numeric: normal; font-variant-east-asian: normal; vertical-align: baseline; white-space: pre;\"><p dir=\"ltr\" style=\"margin-top: 0pt; margin-bottom: 0pt; line-height: 1.8;\"><span style=\"font-size: 12pt; background-color: transparent; font-variant-numeric: normal; font-variant-east-asian: normal; vertical-align: baseline; white-space: pre-wrap;\">You are an engineer by mindset and always try to understand how things work under the hood.</span></p></li><li dir=\"ltr\" style=\"list-style-type: disc; font-size: 10pt; font-family: Roboto, sans-serif; color: rgb(0, 0, 0); background-color: transparent; font-variant-numeric: normal; font-variant-east-asian: normal; vertical-align: baseline; white-space: pre;\"><p dir=\"ltr\" style=\"margin-top: 0pt; margin-bottom: 0pt; line-height: 1.8;\"><span style=\"font-size: 12pt; background-color: transparent; font-variant-numeric: normal; font-variant-east-asian: normal; vertical-align: baseline; white-space: pre-wrap;\">You love to learn through doing. You’re ready to put in some hard work to expand your skills.</span></p></li><li dir=\"ltr\" style=\"list-style-type: disc; font-size: 10pt; font-family: Roboto, sans-serif; color: rgb(0, 0, 0); background-color: transparent; font-variant-numeric: normal; font-variant-east-asian: normal; vertical-align: baseline; white-space: pre;\"><p dir=\"ltr\" style=\"margin-top: 0pt; margin-bottom: 0pt; line-height: 1.8;\"><span style=\"font-size: 12pt; background-color: transparent; font-variant-numeric: normal; font-variant-east-asian: normal; vertical-align: baseline; white-space: pre-wrap;\">You speak and write acceptable English – not perfect English, just acceptable – since you will be working with people from the US, England, Canada, Denmark, Belarus and Brazil among others.</span></p></li><li dir=\"ltr\" style=\"list-style-type: disc; font-size: 10pt; font-family: Roboto, sans-serif; color: rgb(0, 0, 0); background-color: transparent; font-variant-numeric: normal; font-variant-east-asian: normal; vertical-align: baseline; white-space: pre;\"><p dir=\"ltr\" style=\"margin-top: 0pt; margin-bottom: 0pt; line-height: 1.8;\"><span style=\"font-size: 12pt; background-color: transparent; font-variant-numeric: normal; font-variant-east-asian: normal; vertical-align: baseline; white-space: pre-wrap;\">You are a team player and you don\'t bring your ego to work. </span></p></li><li dir=\"ltr\" style=\"list-style-type: disc; font-size: 10pt; font-family: Roboto, sans-serif; color: rgb(0, 0, 0); background-color: transparent; font-variant-numeric: normal; font-variant-east-asian: normal; vertical-align: baseline; white-space: pre;\"><p dir=\"ltr\" style=\"margin-top: 0pt; margin-bottom: 0pt; line-height: 1.8;\"><span style=\"font-size: 12pt; background-color: transparent; font-variant-numeric: normal; font-variant-east-asian: normal; vertical-align: baseline; white-space: pre-wrap;\">You are self-motivated and self-disciplined and thus work well in a flat hierarchy with lots of freedom.</span></p></li><li dir=\"ltr\" style=\"list-style-type: disc; font-size: 10pt; font-family: Roboto, sans-serif; color: rgb(0, 0, 0); background-color: transparent; font-variant-numeric: normal; font-variant-east-asian: normal; vertical-align: baseline; white-space: pre;\"><p dir=\"ltr\" style=\"margin-top: 0pt; margin-bottom: 0pt; line-height: 1.8;\"><span style=\"font-size: 12pt; background-color: transparent; font-variant-numeric: normal; font-variant-east-asian: normal; vertical-align: baseline; white-space: pre-wrap;\">You love to have creative freedom, make independent judgments and live up to the responsibility that comes with that freedom.</span></p></li><li dir=\"ltr\" style=\"list-style-type: disc; font-size: 10pt; font-family: Roboto, sans-serif; color: rgb(0, 0, 0); background-color: transparent; font-variant-numeric: normal; font-variant-east-asian: normal; vertical-align: baseline; white-space: pre;\"><p dir=\"ltr\" style=\"margin-top: 0pt; margin-bottom: 0pt; line-height: 1.8;\"><span style=\"font-size: 12pt; background-color: transparent; font-variant-numeric: normal; font-variant-east-asian: normal; vertical-align: baseline; white-space: pre-wrap;\">You love to create tangible results—every hour and every day.</span></p></li><li dir=\"ltr\" style=\"list-style-type: disc; font-size: 10pt; font-family: Roboto, sans-serif; color: rgb(0, 0, 0); background-color: transparent; font-variant-numeric: normal; font-variant-east-asian: normal; vertical-align: baseline; white-space: pre;\"><p dir=\"ltr\" style=\"margin-top: 0pt; margin-bottom: 0pt; line-height: 1.8;\"><span style=\"font-size: 12pt; background-color: transparent; font-variant-numeric: normal; font-variant-east-asian: normal; vertical-align: baseline; white-space: pre-wrap;\">You love to make a positive impact on the world and the lives of others.</span></p></li></ul><br><div class=\"h2\" dir=\"ltr\" style=\"margin-top: 10pt; margin-bottom: 6pt; line-height: 1.8; color: rgb(42, 42, 42);\"><span style=\"font-size: 20pt; font-family: Georgia; color: rgb(90, 89, 91); background-color: transparent; font-weight: 700; font-variant-numeric: normal; font-variant-east-asian: normal; vertical-align: baseline; white-space: pre-wrap;\">Bonus points</span></div><p dir=\"ltr\" style=\"margin-top: 0pt; margin-bottom: 0pt; line-height: 1.8;\"><span style=\"font-size: 12pt; font-family: Roboto, sans-serif; color: rgb(0, 0, 0); background-color: transparent; font-variant-numeric: normal; font-variant-east-asian: normal; vertical-align: baseline; white-space: pre-wrap;\">You get bonus points…</span></p><ul style=\"padding-inline-start: 48px;\"><li dir=\"ltr\" style=\"list-style-type: disc; font-size: 10pt; font-family: Roboto, sans-serif; color: rgb(0, 0, 0); background-color: transparent; font-variant-numeric: normal; font-variant-east-asian: normal; vertical-align: baseline; white-space: pre;\"><p dir=\"ltr\" style=\"margin-top: 0pt; margin-bottom: 0pt; line-height: 1.8;\"><span style=\"font-size: 12pt; background-color: transparent; font-variant-numeric: normal; font-variant-east-asian: normal; vertical-align: baseline; white-space: pre-wrap;\">…if you have contributed to open source.</span></p></li><li dir=\"ltr\" style=\"list-style-type: disc; font-size: 10pt; font-family: Roboto, sans-serif; color: rgb(0, 0, 0); background-color: transparent; font-variant-numeric: normal; font-variant-east-asian: normal; vertical-align: baseline; white-space: pre;\"><p dir=\"ltr\" style=\"margin-top: 0pt; margin-bottom: 0pt; line-height: 1.8;\"><span style=\"font-size: 12pt; background-color: transparent; font-variant-numeric: normal; font-variant-east-asian: normal; vertical-align: baseline; white-space: pre-wrap;\">…if you have worked professionally with at least one statically typed programming language like C, C++, Java, Kotlin, Rust, Scala, TypeScript, etc.</span></p></li><li dir=\"ltr\" style=\"list-style-type: disc; font-size: 10pt; font-family: Roboto, sans-serif; color: rgb(0, 0, 0); background-color: transparent; font-variant-numeric: normal; font-variant-east-asian: normal; vertical-align: baseline; white-space: pre;\"><p dir=\"ltr\" style=\"margin-top: 0pt; margin-bottom: 0pt; line-height: 1.8;\"><span style=\"font-size: 12pt; background-color: transparent; font-variant-numeric: normal; font-variant-east-asian: normal; vertical-align: baseline; white-space: pre-wrap;\">...if you have prior experience in the implementation of marketing-related tracking codes with Google Tag Manager or Customer Data Platforms (such as Segment) or you worked on the implementation of Product Analytics &amp; BI tools such as Amplitude, Heap, HotJar, or Google Optimize.</span></p></li><li dir=\"ltr\" style=\"list-style-type: disc; font-size: 10pt; font-family: Roboto, sans-serif; color: rgb(0, 0, 0); background-color: transparent; font-variant-numeric: normal; font-variant-east-asian: normal; vertical-align: baseline; white-space: pre;\"><p dir=\"ltr\" style=\"margin-top: 0pt; margin-bottom: 0pt; line-height: 1.8;\"><span style=\"font-size: 12pt; background-color: transparent; font-variant-numeric: normal; font-variant-east-asian: normal; vertical-align: baseline; white-space: pre-wrap;\">…if you have a Master’s Degree in Computer Science.</span></p></li><li dir=\"ltr\" style=\"list-style-type: disc; font-size: 10pt; font-family: Roboto, sans-serif; color: rgb(0, 0, 0); background-color: transparent; font-variant-numeric: normal; font-variant-east-asian: normal; vertical-align: baseline; white-space: pre;\"><p dir=\"ltr\" style=\"margin-top: 0pt; margin-bottom: 0pt; line-height: 1.8;\"><span style=\"font-size: 12pt; background-color: transparent; font-variant-numeric: normal; font-variant-east-asian: normal; vertical-align: baseline; white-space: pre-wrap;\">…if you have experience with test-driven development (TDD).</span></p></li></ul><p><font color=\"#000000\"><span style=\"white-space: pre-wrap;\"><br></span></font></p><span style=\"font-size: 12pt; font-variant-numeric: normal; font-variant-east-asian: normal; background-color: transparent; font-family: Roboto, sans-serif; color: rgb(0, 0, 0); vertical-align: baseline; white-space: pre-wrap;\"><span style=\"border-width: initial; border-style: none; display: inline-block; overflow: hidden; width: 658px; height: 497px;\"><img height=\"497\" src=\"https://lh4.googleusercontent.com/73QROAcRJv54S44L3FI12vzJUKRcf2h4tDTDdRNZsX2n9nAc0lPVbpwuJWcHU-qldArv9wIGGSZjdQfvP2ZDeqQx92s5XFc9m2BwtiUBxGCHp89ndmNFek9Z_5wxDWnHgWIcjPS_2w\" style=\"margin-left: 0px; margin-top: 0px;\" width=\"658\"></span></span><div class=\"h1\" dir=\"ltr\" style=\"margin-top: 0pt; margin-bottom: 6pt; line-height: 1.8; color: rgb(42, 42, 42);\"><span style=\"font-size: 20pt; font-family: Georgia; color: rgb(90, 89, 91); background-color: transparent; font-weight: 700; font-variant-numeric: normal; font-variant-east-asian: normal; vertical-align: baseline; white-space: pre-wrap;\"><br></span></div><div class=\"h1\" dir=\"ltr\" style=\"margin-top: 0pt; margin-bottom: 6pt; line-height: 1.8; color: rgb(42, 42, 42);\"><span style=\"font-size: 20pt; font-family: Georgia; color: rgb(90, 89, 91); background-color: transparent; font-weight: 700; font-variant-numeric: normal; font-variant-east-asian: normal; vertical-align: baseline; white-space: pre-wrap;\">How to Learn More and Apply</span></div><p dir=\"ltr\" style=\"margin-top: 0pt; margin-bottom: 0pt; line-height: 1.8;\"><span style=\"font-size: 12pt; font-family: Roboto, sans-serif; color: rgb(0, 0, 0); background-color: transparent; font-variant-numeric: normal; font-variant-east-asian: normal; vertical-align: baseline; white-space: pre-wrap;\">You can learn more about our Work Culture and Values here: </span><a href=\"https://www.interaction-design.org/careers\" rel=\"nofollow\" style=\"text-decoration: none;\"><span style=\"font-size: 12pt; font-family: Roboto, sans-serif; color: rgb(0, 0, 0); background-color: transparent; font-variant-numeric: normal; font-variant-east-asian: normal; text-decoration-line: underline; text-decoration-skip-ink: none; vertical-align: baseline; white-space: pre-wrap;\">https://www.interaction-design.org/careers</span></a><span style=\"font-size: 12pt; font-family: Roboto, sans-serif; color: rgb(0, 0, 0); background-color: transparent; font-variant-numeric: normal; font-variant-east-asian: normal; vertical-align: baseline; white-space: pre-wrap;\"> </span></p><br><p dir=\"ltr\" style=\"margin-top: 0pt; margin-bottom: 0pt; line-height: 1.8;\"><span style=\"font-size: 12pt; font-family: Roboto, sans-serif; color: rgb(0, 0, 0); background-color: transparent; font-variant-numeric: normal; font-variant-east-asian: normal; vertical-align: baseline; white-space: pre-wrap;\">Please apply as soon as you can—we’re firm believers in the adage “the sooner, the better”, and we look forward to working with you!</span></p>\n','2021-09-13 19:15:10','','Interaction Design Foundation','https://remotive.io/job/732518/logo','remotive.io','2021-09-15 04:30:03','2021-09-15 04:30:03'),(2,'Senior Developer','https://remotive.io/remote-jobs/software-dev/senior-developer-895528','<p> </p>\n<p><strong>The IT team is getting bigger !</strong></p>\n<p> </p>\n<p>AssessFirst is a constantly growing company, and we need developers to keep the pace !</p>\n<p> </p>\n<p><strong>Your goal</strong> : Deliver quality code :)</p>\n<p> </p>\n<p><strong>Technical environment</strong> ? : PHP 7 / Laravel / VueJS / MySQL / Redis / Elastic Search / Github / AWS / Openstack / Docker / Kubernetes / Hadoop and many other great things...</p>\n<p><br><br></p>\n<p><strong>Your future team !</strong></p>\n<p> </p>\n<p>Today, the IT team is made up of 20 persons (developers, product owner, web designer, integrator...), managed by Julien, our CTO.</p>\n<p> </p>\n<p>Find out what the team has to say on our <a href=\"https://www.glassdoor.fr/Pr%C3%A9sentation/Travailler-chez-AssessFirst-EI_IE1560420.16,27.htm\" rel=\"nofollow\"><strong>Glassdoor page</strong></a> !</p>\n<p><br><br></p>\n<p><strong>What you would need ?</strong></p>\n<p> </p>\n<p> </p>\n<ul>\n<li>Autonomy ! There is a lot of space in AssessFirst, but make sure to take it.</li>\n<li>A really dynamic environment - Be ware, you need to follow our fast speed rythme !</li>\n<li>Give meaning to your work ! Reminder: We have the ambition to transform the world of recruitment ! ✨</li>\n<li>Freedom: This is a full remote position ! </li>\n</ul>\n<p><br><br></p>\n<p><strong>Our recruitment process !</strong></p>\n<p> </p>\n<p>1. You are in love with the job and the company</p>\n<p> </p>\n<p>2. You complete our questionnaires here : <a href=\"https://afir.st/j2jPB\" rel=\"nofollow\">https://afir.st/j2jPB</a></p>\n<p> </p>\n<p>3. Agathe, our Talent Acquisition Specialist, will contact you</p>\n<p> </p>\n<p>4. 3 interviews max: with a Lead Developer, Julien (our CTO) and finally David our founder!</p>\n<p> </p>\n<p>5. Welcome to the team! ?</p>\n<p> </p>\n','2021-09-13 12:04:36','Anywhere','AssessFirst','https://remotive.io/job/895528/logo','remotive.io','2021-09-15 04:30:03','2021-09-15 04:30:03'),(3,'Full Stack Software Engineer (f/m/d)','https://remotive.io/remote-jobs/software-dev/full-stack-software-engineer-f-m-d-886764','<p style=\"margin-bottom: 20px; padding: 0px; border-style: initial; font-variant-numeric: inherit; font-variant-east-asian: inherit; font-stretch: inherit; line-height: 1.7; font-family: Roboto, HelveticaNeue-Light, \'Helvetica Neue Light\', \'Helvetica Neue\', Helvetica, Arial, sans-serif; vertical-align: baseline; text-rendering: optimizelegibility; color: #444444; letter-spacing: 0.5px;\"><span style=\"font-weight: 600; margin: 0px; padding: 0px; border-style: initial; font-style: inherit; font-variant: inherit; font-stretch: inherit; line-height: inherit; font-family: inherit; vertical-align: baseline;\">About PlaytestCloud</span></p>\n<p style=\"margin-bottom: 20px; padding: 0px; border-style: initial; font-variant-numeric: inherit; font-variant-east-asian: inherit; font-stretch: inherit; line-height: 1.7; font-family: Roboto, HelveticaNeue-Light, \'Helvetica Neue Light\', \'Helvetica Neue\', Helvetica, Arial, sans-serif; vertical-align: baseline; text-rendering: optimizelegibility; color: #444444; letter-spacing: 0.5px;\">25% of the 100 top grossing mobile games have been tested with PlaytestCloud. Help us make it 100%!</p>\n<ul style=\"margin-bottom: 40px; margin-left: 20px; padding-left: 0px; border-style: initial; font-variant-numeric: inherit; font-variant-east-asian: inherit; font-stretch: inherit; line-height: inherit; font-family: Roboto, HelveticaNeue-Light, \'Helvetica Neue Light\', \'Helvetica Neue\', Helvetica, Arial, sans-serif; vertical-align: baseline; color: #444444; letter-spacing: 0.5px;\">\n<li style=\"margin: 0px 0px 10px; padding: 0px; border-style: initial; font-style: inherit; font-variant: inherit; font-stretch: inherit; line-height: 1.7; font-family: inherit; vertical-align: baseline;\">We’re the premier user testing provider for mobile games - we help game studios worldwide make the best games they possibly can.</li>\n<li style=\"margin: 0px 0px 10px; padding: 0px; border-style: initial; font-style: inherit; font-variant: inherit; font-stretch: inherit; line-height: 1.7; font-family: inherit; vertical-align: baseline;\">We’ve built technology that modifies iOS and Android games on the binary level to add screencast recording, security features and instructions.</li>\n<li style=\"margin: 0px 0px 10px; padding: 0px; border-style: initial; font-style: inherit; font-variant: inherit; font-stretch: inherit; line-height: 1.7; font-family: inherit; vertical-align: baseline;\">We’re bootstrapped and profitable, with 300+ paying game studios and 1\'000\'000+ testers.</li>\n</ul>\n<p style=\"margin-bottom: 20px; padding: 0px; border-style: initial; font-variant-numeric: inherit; font-variant-east-asian: inherit; font-stretch: inherit; line-height: 1.7; font-family: Roboto, HelveticaNeue-Light, \'Helvetica Neue Light\', \'Helvetica Neue\', Helvetica, Arial, sans-serif; vertical-align: baseline; text-rendering: optimizelegibility; color: #444444; letter-spacing: 0.5px;\">We want to hire another Software Engineer (f/m/d) to help us speed up product development and bring new exciting features to market.<br><span style=\"font-weight: 600; margin: 0px; padding: 0px; border-style: initial; font-style: inherit; font-variant: inherit; font-stretch: inherit; line-height: inherit; font-family: inherit; vertical-align: baseline;\"><br></span></p>\n<p style=\"margin-bottom: 20px; padding: 0px; border-style: initial; font-variant-numeric: inherit; font-variant-east-asian: inherit; font-stretch: inherit; line-height: 1.7; font-family: Roboto, HelveticaNeue-Light, \'Helvetica Neue Light\', \'Helvetica Neue\', Helvetica, Arial, sans-serif; vertical-align: baseline; text-rendering: optimizelegibility; color: #444444; letter-spacing: 0.5px;\"><span style=\"font-weight: 600; margin: 0px; padding: 0px; border-style: initial; font-style: inherit; font-variant: inherit; font-stretch: inherit; line-height: inherit; font-family: inherit; vertical-align: baseline;\">The role</span></p>\n<p style=\"margin-bottom: 20px; padding: 0px; border-style: initial; font-variant-numeric: inherit; font-variant-east-asian: inherit; font-stretch: inherit; line-height: 1.7; font-family: Roboto, HelveticaNeue-Light, \'Helvetica Neue Light\', \'Helvetica Neue\', Helvetica, Arial, sans-serif; vertical-align: baseline; text-rendering: optimizelegibility; color: #444444; letter-spacing: 0.5px;\">We’re looking for an engineer who is experienced with backend web development (any MVC framework such as Django, Laravel or ideally Ruby on Rails) and has some experience with frontend development (for example React, Vue.js or Angular). They are also interested in learning about mobile development (Flutter, iOS, Android) as they go, but prior experience is not required. They must be located within ±2 hours of the Europe/Berlin time zone.</p>\n<p style=\"margin-bottom: 20px; padding: 0px; border-style: initial; font-variant-numeric: inherit; font-variant-east-asian: inherit; font-stretch: inherit; line-height: 1.7; font-family: Roboto, HelveticaNeue-Light, \'Helvetica Neue Light\', \'Helvetica Neue\', Helvetica, Arial, sans-serif; vertical-align: baseline; text-rendering: optimizelegibility; color: #444444; letter-spacing: 0.5px;\">Example tasks might include (we work on everything as a team):</p>\n<ul style=\"margin-bottom: 40px; margin-left: 20px; padding-left: 0px; border-style: initial; font-variant-numeric: inherit; font-variant-east-asian: inherit; font-stretch: inherit; line-height: inherit; font-family: Roboto, HelveticaNeue-Light, \'Helvetica Neue Light\', \'Helvetica Neue\', Helvetica, Arial, sans-serif; vertical-align: baseline; color: #444444; letter-spacing: 0.5px;\">\n<li style=\"margin: 0px 0px 10px; padding: 0px; border-style: initial; font-style: inherit; font-variant: inherit; font-stretch: inherit; line-height: 1.7; font-family: inherit; vertical-align: baseline;\">Add a list of current game tests to our Flutter App, for which you also need to implement the REST backend in our Rails app.</li>\n<li style=\"margin: 0px 0px 10px; padding: 0px; border-style: initial; font-style: inherit; font-variant: inherit; font-stretch: inherit; line-height: 1.7; font-family: inherit; vertical-align: baseline;\">Hook up an external API to add sentiment information to our player videos.</li>\n<li style=\"margin: 0px 0px 10px; padding: 0px; border-style: initial; font-style: inherit; font-variant: inherit; font-stretch: inherit; line-height: 1.7; font-family: inherit; vertical-align: baseline;\">Integrate a Python Tensorflow CNN into our Ruby video processing pipeline.</li>\n</ul>\n<p style=\"margin-bottom: 20px; padding: 0px; border-style: initial; font-variant-numeric: inherit; font-variant-east-asian: inherit; font-stretch: inherit; line-height: 1.7; font-family: Roboto, HelveticaNeue-Light, \'Helvetica Neue Light\', \'Helvetica Neue\', Helvetica, Arial, sans-serif; vertical-align: baseline; text-rendering: optimizelegibility; color: #444444; letter-spacing: 0.5px;\">It would also be great if:</p>\n<ul style=\"margin-bottom: 40px; margin-left: 20px; padding-left: 0px; border-style: initial; font-variant-numeric: inherit; font-variant-east-asian: inherit; font-stretch: inherit; line-height: inherit; font-family: Roboto, HelveticaNeue-Light, \'Helvetica Neue Light\', \'Helvetica Neue\', Helvetica, Arial, sans-serif; vertical-align: baseline; color: #444444; letter-spacing: 0.5px;\">\n<li style=\"margin: 0px 0px 10px; padding: 0px; border-style: initial; font-style: inherit; font-variant: inherit; font-stretch: inherit; line-height: 1.7; font-family: inherit; vertical-align: baseline;\">you have experience working on real-world web applications, through university projects or prior jobs</li>\n</ul>\n<p style=\"margin-bottom: 20px; padding: 0px; border-style: initial; font-variant-numeric: inherit; font-variant-east-asian: inherit; font-stretch: inherit; line-height: 1.7; font-family: Roboto, HelveticaNeue-Light, \'Helvetica Neue Light\', \'Helvetica Neue\', Helvetica, Arial, sans-serif; vertical-align: baseline; text-rendering: optimizelegibility; color: #444444; letter-spacing: 0.5px;\"><span style=\"font-weight: 600; margin: 0px; padding: 0px; border-style: initial; font-style: inherit; font-variant: inherit; font-stretch: inherit; line-height: inherit; font-family: inherit; vertical-align: baseline;\">Perks</span></p>\n<ul style=\"margin-bottom: 40px; margin-left: 20px; padding-left: 0px; border-style: initial; font-variant-numeric: inherit; font-variant-east-asian: inherit; font-stretch: inherit; line-height: inherit; font-family: Roboto, HelveticaNeue-Light, \'Helvetica Neue Light\', \'Helvetica Neue\', Helvetica, Arial, sans-serif; vertical-align: baseline; color: #444444; letter-spacing: 0.5px;\">\n<li style=\"margin: 0px 0px 10px; padding: 0px; border-style: initial; font-style: inherit; font-variant: inherit; font-stretch: inherit; line-height: 1.7; font-family: inherit; vertical-align: baseline;\">Minimal amount of meetings - both founders are engineers and understand how important undisrupted focus is</li>\n<li style=\"margin: 0px 0px 10px; padding: 0px; border-style: initial; font-style: inherit; font-variant: inherit; font-stretch: inherit; line-height: 1.7; font-family: inherit; vertical-align: baseline;\">Lots of variety in challenges and technologies</li>\n<li style=\"margin: 0px 0px 10px; padding: 0px; border-style: initial; font-style: inherit; font-variant: inherit; font-stretch: inherit; line-height: 1.7; font-family: inherit; vertical-align: baseline;\">Amazing co-workers, share things you\'ve learned within the team and vice-versa</li>\n<li style=\"margin: 0px 0px 10px; padding: 0px; border-style: initial; font-style: inherit; font-variant: inherit; font-stretch: inherit; line-height: 1.7; font-family: inherit; vertical-align: baseline;\">Flexible hours - we just care that you get your work done, not what hours you\'re around for</li>\n<li style=\"margin: 0px 0px 10px; padding: 0px; border-style: initial; font-style: inherit; font-variant: inherit; font-stretch: inherit; line-height: 1.7; font-family: inherit; vertical-align: baseline;\">Budget for your own professional development (e-learning, conference visits, …)</li>\n<li style=\"margin: 0px 0px 10px; padding: 0px; border-style: initial; font-style: inherit; font-variant: inherit; font-stretch: inherit; line-height: 1.7; font-family: inherit; vertical-align: baseline;\">Work from anywhere in the European Union, even after COVID is over.</li>\n<li style=\"margin: 0px 0px 10px; padding: 0px; border-style: initial; font-style: inherit; font-variant: inherit; font-stretch: inherit; line-height: 1.7; font-family: inherit; vertical-align: baseline;\">If you want to move to Germany: Visa assistance and budget for German language classes</li>\n</ul>\n<p style=\"margin-bottom: 20px; padding: 0px; border-style: initial; font-variant-numeric: inherit; font-variant-east-asian: inherit; font-stretch: inherit; line-height: 1.7; font-family: Roboto, HelveticaNeue-Light, \'Helvetica Neue Light\', \'Helvetica Neue\', Helvetica, Arial, sans-serif; vertical-align: baseline; text-rendering: optimizelegibility; color: #444444; letter-spacing: 0.5px;\"><span style=\"font-weight: 600; margin: 0px; padding: 0px; border-style: initial; font-style: inherit; font-variant: inherit; font-stretch: inherit; line-height: inherit; font-family: inherit; vertical-align: baseline;\">Technology</span></p>\n<ul style=\"margin-bottom: 40px; margin-left: 20px; padding-left: 0px; border-style: initial; font-variant-numeric: inherit; font-variant-east-asian: inherit; font-stretch: inherit; line-height: inherit; font-family: Roboto, HelveticaNeue-Light, \'Helvetica Neue Light\', \'Helvetica Neue\', Helvetica, Arial, sans-serif; vertical-align: baseline; color: #444444; letter-spacing: 0.5px;\">\n<li style=\"margin: 0px 0px 10px; padding: 0px; border-style: initial; font-style: inherit; font-variant: inherit; font-stretch: inherit; line-height: 1.7; font-family: inherit; vertical-align: baseline;\">Web platform: Ruby on Rails/TypeScript/Angular</li>\n<li style=\"margin: 0px 0px 10px; padding: 0px; border-style: initial; font-style: inherit; font-variant: inherit; font-stretch: inherit; line-height: 1.7; font-family: inherit; vertical-align: baseline;\">PlaytestCloud App (iOS/Android): Flutter</li>\n<li style=\"margin: 0px 0px 10px; padding: 0px; border-style: initial; font-style: inherit; font-variant: inherit; font-stretch: inherit; line-height: 1.7; font-family: inherit; vertical-align: baseline;\">Recording Library (Android): Java</li>\n<li style=\"margin: 0px 0px 10px; padding: 0px; border-style: initial; font-style: inherit; font-variant: inherit; font-stretch: inherit; line-height: 1.7; font-family: inherit; vertical-align: baseline;\">Recording Library (iOS): Objective-C</li>\n</ul>\n<p style=\"margin-bottom: 20px; padding: 0px; border-style: initial; font-variant-numeric: inherit; font-variant-east-asian: inherit; font-stretch: inherit; line-height: 1.7; font-family: Roboto, HelveticaNeue-Light, \'Helvetica Neue Light\', \'Helvetica Neue\', Helvetica, Arial, sans-serif; vertical-align: baseline; text-rendering: optimizelegibility; color: #444444; letter-spacing: 0.5px;\">At PlaytestCloud, we welcome diversity and believe everyone should have a fair chance at setting the high score. We are committed to providing an inclusive environment for everybody who works here or with us, regardless of race, color, national origin, age, gender, gender identity or expression, sexual orientation, religion (or lack thereof), political affiliation, disability, medical condition, pregnancy, marital status or any other protected characteristics. Join us and make the future of mobile gaming diverse, inclusive, and exciting.</p>\n<p style=\"margin-bottom: 20px; padding: 0px; border-style: initial; font-variant-numeric: inherit; font-variant-east-asian: inherit; font-stretch: inherit; line-height: 1.7; font-family: Roboto, HelveticaNeue-Light, \'Helvetica Neue Light\', \'Helvetica Neue\', Helvetica, Arial, sans-serif; vertical-align: baseline; text-rendering: optimizelegibility; color: #444444; letter-spacing: 0.5px;\">Do you need to meet all the requirements to apply? <a href=\"https://hbr.org/2014/08/why-women-dont-apply-for-jobs-unless-theyre-100-qualified\" rel=\"nofollow\" style=\"background-image: initial; background-position: 0px 0px; background-size: initial; background-repeat: initial; background-attachment: initial; background-origin: initial; background-clip: initial; color: #444444; text-decoration: underline; margin: 0px; padding: 0px; border-style: initial; font-style: inherit; font-variant: inherit; font-stretch: inherit; line-height: inherit; font-family: inherit; vertical-align: baseline;\">Studies</a> by several different sources have shown that, on average, men will apply for a job if they meet 60% of the application requirements. In contrast, women/non-binary people will seek to match a much higher percentage of the requirements before applying. We encourage everyone to apply and give us a chance to evaluate your skills and experience. We are all learning on the job, and although the listing above has been carefully compiled, we are also open-minded and interested to hear about the value you can bring to the role and PlaytestCloud.</p>\n','2021-09-08 04:34:42','EU only','PlaytestCloud','','remotive.io','2021-09-15 04:30:03','2021-09-15 04:30:03'),(4,'Sr. Frontend Software Developer','https://remotive.io/remote-jobs/software-dev/sr-frontend-software-developer-875798','<div class=\"h1\"><span style=\"font-family: \'times new roman\', times, serif;\">Description</span></div>\n<p><span style=\"font-family: \'times new roman\', times, serif;\">This is a remote position.</span></p>\n<div class=\"OutlineElement Ltr BCX0 SCXW135342329\" style=\"margin: 0px; padding: 0px; overflow: visible; clear: both; position: relative; direction: ltr; color: #000000; font-family: Calibri, Calibri_MSFontService, sans-serif; font-size: 16px; font-style: normal; font-weight: 400; letter-spacing: normal; orphans: 2; text-align: left; text-indent: 0px; text-transform: none; white-space: normal; widows: 2; word-spacing: 0px; background-color: #ffffff;\">\n<p class=\"Paragraph SCXW135342329 BCX0\" style=\"margin: 0px; padding: 0px; font-weight: normal; font-style: normal; vertical-align: baseline; text-align: left; text-indent: 0px;\"><span class=\"highlight\" style=\"background-color: #ffffff; font-family: \'times new roman\', times, serif;\"><span class=\"colour\" style=\"color: windowtext; margin: 0px; padding: 0px; font-weight: normal; font-style: normal; vertical-align: baseline; text-align: left; text-indent: 0px;\"><span class=\"colour\" style=\"color: #000000;\"><span class=\"font\"><span class=\"size\" style=\"font-size: 11pt; margin: 0px; padding: 0px; line-height: 18px;\"><span class=\"NormalTextRun SpellingErrorV2 SCXW135342329 BCX0\" style=\"margin: 0px; padding: 0px; background-repeat: repeat-x; background-position: left bottom; border-bottom: 1px solid transparent;\">Advancio</span><span class=\"NormalTextRun SCXW135342329 BCX0\" style=\"margin: 0px; padding: 0px;\"> is a global software company that’s growing every day and we are looking for talented and passionate people who wish to be an integral part of our team.</span> </span></span></span><br></span></span></p>\n</div>\n<div class=\"OutlineElement Ltr BCX0 SCXW135342329\" style=\"margin: 0px; padding: 0px; overflow: visible; clear: both; position: relative; direction: ltr; color: #000000; font-family: Calibri, Calibri_MSFontService, sans-serif; font-size: 16px; font-style: normal; font-weight: 400; letter-spacing: normal; orphans: 2; text-align: left; text-indent: 0px; text-transform: none; white-space: normal; widows: 2; word-spacing: 0px; background-color: #ffffff;\">\n<p class=\"Paragraph SCXW135342329 BCX0\" style=\"margin: 0px; padding: 0px; font-weight: normal; font-style: normal; vertical-align: baseline; text-align: left; text-indent: 0px;\"><span class=\"highlight\" style=\"background-color: #ffffff; font-family: \'times new roman\', times, serif;\"><span class=\"colour\" style=\"color: windowtext; margin: 0px; padding: 0px; font-weight: normal; font-style: normal; vertical-align: baseline; text-align: left; text-indent: 0px;\"> <span class=\"colour\" style=\"color: #000000;\"><span class=\"font\"><span class=\"size\" style=\"font-size: 11pt; margin: 0px; padding: 0px; line-height: 18px;\"> </span></span></span><br></span></span></p>\n</div>\n<div class=\"OutlineElement Ltr BCX0 SCXW135342329\" style=\"margin: 0px; padding: 0px; overflow: visible; clear: both; position: relative; direction: ltr; color: #000000; font-family: Calibri, Calibri_MSFontService, sans-serif; font-size: 16px; font-style: normal; font-weight: 400; letter-spacing: normal; orphans: 2; text-align: left; text-indent: 0px; text-transform: none; white-space: normal; widows: 2; word-spacing: 0px; background-color: #ffffff;\">\n<p class=\"Paragraph SCXW135342329 BCX0\" style=\"margin: 0px; padding: 0px; font-weight: normal; font-style: normal; vertical-align: baseline; text-align: left; text-indent: 0px;\"><span class=\"highlight\" style=\"background-color: #ffffff; font-family: \'times new roman\', times, serif;\"><span class=\"colour\" style=\"color: windowtext; margin: 0px; padding: 0px; font-weight: normal; font-style: normal; vertical-align: baseline; text-align: left; text-indent: 0px;\"><span class=\"colour\" style=\"color: #000000;\"><span class=\"font\"><span class=\"size\" style=\"font-size: 11pt; margin: 0px; padding: 0px; line-height: 18px;\"><span class=\"NormalTextRun SCXW135342329 BCX0\" style=\"margin: 0px; padding: 0px;\">We are passionate about technology and the power it has to change the </span><span class=\"NormalTextRun ContextualSpellingAndGrammarErrorV2 SCXW135342329 BCX0\" style=\"margin: 0px; padding: 0px; background-repeat: repeat-x; background-position: left bottom; border-bottom: 1px solid transparent;\">world,</span><span class=\"NormalTextRun SCXW135342329 BCX0\" style=\"margin: 0px; padding: 0px;\"> we are building a company where we love what we do, we collaborate positively with our customers and we have fun while we work!</span></span></span></span><span class=\"colour\" style=\"color: #000000;\"><span class=\"font\"><span class=\"size\" style=\"font-size: 11pt; margin: 0px; padding: 0px; line-height: 18px;\"> </span></span></span><br></span></span></p>\n</div>\n<div class=\"OutlineElement Ltr BCX0 SCXW135342329\" style=\"margin: 0px; padding: 0px; overflow: visible; clear: both; position: relative; direction: ltr; color: #000000; font-family: Calibri, Calibri_MSFontService, sans-serif; font-size: 16px; font-style: normal; font-weight: 400; letter-spacing: normal; orphans: 2; text-align: left; text-indent: 0px; text-transform: none; white-space: normal; widows: 2; word-spacing: 0px; background-color: #ffffff;\">\n<p class=\"Paragraph SCXW135342329 BCX0\" style=\"margin: 0px; padding: 0px; font-weight: normal; font-style: normal; vertical-align: baseline; text-align: left; text-indent: 0px;\"><span class=\"highlight\" style=\"background-color: #ffffff; font-family: \'times new roman\', times, serif;\"><span class=\"colour\" style=\"color: windowtext; margin: 0px; padding: 0px; font-weight: normal; font-style: normal; vertical-align: baseline; text-align: left; text-indent: 0px;\"><span class=\"colour\" style=\"color: #000000;\"><span class=\"font\"><span class=\"size\" style=\"font-size: 11pt; margin: 0px; padding: 0px; line-height: 18px;\"> </span></span></span><br></span></span></p>\n</div>\n<div class=\"OutlineElement Ltr BCX0 SCXW135342329\" style=\"margin: 0px; padding: 0px; overflow: visible; clear: both; position: relative; direction: ltr; color: #000000; font-family: Calibri, Calibri_MSFontService, sans-serif; font-size: 16px; font-style: normal; font-weight: 400; letter-spacing: normal; orphans: 2; text-align: left; text-indent: 0px; text-transform: none; white-space: normal; widows: 2; word-spacing: 0px; background-color: #ffffff;\">\n<p class=\"Paragraph SCXW135342329 BCX0\" style=\"margin: 0px; padding: 0px; font-weight: normal; font-style: normal; vertical-align: baseline; text-align: left; text-indent: 0px;\"><span class=\"highlight\" style=\"background-color: #ffffff; font-family: \'times new roman\', times, serif;\"><span class=\"colour\" style=\"color: windowtext; margin: 0px; padding: 0px; font-weight: normal; font-style: normal; vertical-align: baseline; text-align: left; text-indent: 0px;\"><span class=\"colour\" style=\"color: #000000;\"><span class=\"font\"><span class=\"size\" style=\"font-size: 11pt; margin: 0px; padding: 0px; line-height: 18px;\"><span class=\"NormalTextRun SCXW135342329 BCX0\" style=\"margin: 0px; padding: 0px;\">We are passionate about changing the world and we are looking for a great </span></span></span></span><span class=\"colour\" style=\"color: #000000;\"><span class=\"font\"><span class=\"size\" style=\"font-size: 11pt; margin: 0px; padding: 0px; line-height: 18px;\"> </span></span></span><br></span></span></p>\n</div>\n<div class=\"SCXW135342329 BCX0\" style=\"margin: 0px; padding: 0px; color: #000000; font-family: Calibri, Calibri_MSFontService, sans-serif; font-size: 16px; font-style: normal; font-weight: 400; letter-spacing: normal; orphans: 2; text-align: left; text-indent: 0px; text-transform: none; white-space: normal; widows: 2; word-spacing: 0px; background-color: #ffffff;\">\n<div class=\"OutlineElement Ltr BCX0 SCXW135342329\" style=\"margin: 0px; padding: 0px; overflow: visible; clear: both; position: relative; direction: ltr;\">\n<p class=\"Paragraph SCXW135342329 BCX0\" style=\"margin: 0px; padding: 0px; font-weight: normal; font-style: normal; vertical-align: baseline; text-align: left; text-indent: 0px;\"><span class=\"highlight\" style=\"background-color: #ffffff; font-family: \'times new roman\', times, serif;\"><span class=\"colour\" style=\"color: windowtext; margin: 0px; padding: 0px; font-weight: normal; font-style: normal; vertical-align: baseline; text-align: left; text-indent: 0px;\"><span class=\"colour\" style=\"color: #000000;\"><span class=\"font\"><span class=\"size\" style=\"font-size: 11pt; margin: 0px; padding: 0px; line-height: 18px;\"><span class=\"NormalTextRun SCXW135342329 BCX0\" style=\"margin: 0px; padding: 0px;\">Senior Frontend Developer to help us fulfill our mission!</span></span></span></span><span class=\"colour\" style=\"color: #000000;\"><span class=\"font\"><span class=\"size\" style=\"font-size: 11pt; margin: 0px; padding: 0px; line-height: 18px;\"> </span></span></span><br></span></span></p>\n</div>\n<div class=\"OutlineElement Ltr SCXW135342329 BCX0\" style=\"margin: 0px; padding: 0px; overflow: visible; clear: both; position: relative; direction: ltr;\">\n<p class=\"Paragraph SCXW135342329 BCX0\" style=\"margin: 0px; padding: 0px; font-weight: normal; font-style: normal; vertical-align: baseline; text-align: left; text-indent: 0px;\"><span class=\"highlight\" style=\"background-color: #ffffff; font-family: \'times new roman\', times, serif;\"><span class=\"colour\" style=\"color: windowtext; margin: 0px; padding: 0px; font-weight: normal; font-style: normal; vertical-align: baseline; text-align: left; text-indent: 0px;\"><span class=\"colour\" style=\"color: #000000;\"><span class=\"font\"><span class=\"size\" style=\"font-size: 11pt; margin: 0px; padding: 0px; line-height: 18px;\"> </span></span></span><br></span></span></p>\n</div>\n<div class=\"OutlineElement Ltr SCXW135342329 BCX0\" style=\"margin: 0px; padding: 0px; overflow: visible; clear: both; position: relative; direction: ltr;\">\n<p class=\"Paragraph SCXW135342329 BCX0\" style=\"margin: 0px; padding: 0px; font-weight: normal; font-style: normal; vertical-align: baseline; text-align: left; text-indent: 0px;\"><span class=\"highlight\" style=\"background-color: #ffffff; font-family: \'times new roman\', times, serif;\"><span class=\"colour\" style=\"color: windowtext; margin: 0px; padding: 0px; font-weight: normal; font-style: normal; vertical-align: baseline; text-align: left; text-indent: 0px;\"><span class=\"colour\" style=\"color: #000000;\"><strong><span class=\"font\"><span class=\"size\" style=\"font-size: 11pt; margin: 0px; padding: 0px; line-height: 18px;\"><span class=\"NormalTextRun SCXW135342329 BCX0\" style=\"margin: 0px; padding: 0px;\">Core responsibilities:</span></span></span></strong></span><span class=\"colour\" style=\"color: #000000;\"><span class=\"font\"><span class=\"size\" style=\"font-size: 11pt; margin: 0px; padding: 0px; line-height: 18px;\"> </span></span></span></span></span></p>\n<ul>\n<li><span class=\"highlight\" style=\"background-color: #ffffff; font-family: \'times new roman\', times, serif;\"><span class=\"colour\" style=\"color: windowtext; margin: 0px; padding: 0px; font-weight: normal; font-style: normal; vertical-align: baseline; text-align: left; text-indent: 0px;\"><span class=\"colour\" style=\"color: #000000;\"><span class=\"font\"><span class=\"size\" style=\"font-size: 12pt; margin: 0px; padding: 0px; line-height: 19px;\"><span class=\"NormalTextRun SCXW135342329 BCX0\" style=\"margin: 0px; padding: 0px;\">Communicate regularly and write clean code. Review, analyze and resolve application issues as needed.</span> </span></span></span><br></span></span></li>\n<li><span class=\"highlight\" style=\"background-color: #ffffff; font-family: \'times new roman\', times, serif;\"><span class=\"colour\" style=\"color: windowtext; margin: 0px; padding: 0px; font-weight: normal; font-style: normal; vertical-align: baseline; text-align: left; text-indent: 0px;\"><span class=\"colour\" style=\"color: #000000;\"><span class=\"font\"><span class=\"size\" style=\"font-size: 12pt; margin: 0px; padding: 0px; line-height: 19px;\"><span class=\"NormalTextRun SCXW135342329 BCX0\" style=\"margin: 0px; padding: 0px;\">Collaborate with team members on the design and implementation of new functionalities on the different platforms.</span> </span></span></span><br></span></span></li>\n<li><span class=\"highlight\" style=\"background-color: #ffffff; font-family: \'times new roman\', times, serif;\"><span class=\"colour\" style=\"color: windowtext; margin: 0px; padding: 0px; font-weight: normal; font-style: normal; vertical-align: baseline; text-align: left; text-indent: 0px;\"><span class=\"colour\" style=\"color: #000000;\"><span class=\"font\"><span class=\"size\" style=\"font-size: 12pt; margin: 0px; padding: 0px; line-height: 19px;\"><span class=\"NormalTextRun SCXW135342329 BCX0\" style=\"margin: 0px; padding: 0px;\">Produce high-quality software on schedule</span> </span></span></span><br></span></span></li>\n<li><span class=\"highlight\" style=\"background-color: #ffffff; font-family: \'times new roman\', times, serif;\"><span class=\"colour\" style=\"color: windowtext; margin: 0px; padding: 0px; font-weight: normal; font-style: normal; vertical-align: baseline; text-align: left; text-indent: 0px;\"><span class=\"colour\" style=\"color: #000000;\"><span class=\"font\"><span class=\"size\" style=\"font-size: 12pt; margin: 0px; padding: 0px; line-height: 19px;\"><span class=\"NormalTextRun SCXW135342329 BCX0\" style=\"margin: 0px; padding: 0px;\">Extend and optimize current software architecture</span> </span></span></span><br></span></span></li>\n<li><span class=\"highlight\" style=\"background-color: #ffffff; font-family: \'times new roman\', times, serif;\"><span class=\"colour\" style=\"color: windowtext; margin: 0px; padding: 0px; font-weight: normal; font-style: normal; vertical-align: baseline; text-align: left; text-indent: 0px;\"><span class=\"colour\" style=\"color: #000000;\"><span class=\"font\"><span class=\"size\" style=\"font-size: 12pt; margin: 0px; padding: 0px; line-height: 19px;\"><span class=\"NormalTextRun SCXW135342329 BCX0\" style=\"margin: 0px; padding: 0px;\">Participate in design and code reviews regularly</span> </span></span></span><br></span></span></li>\n<li><span class=\"highlight\" style=\"background-color: #ffffff; font-family: \'times new roman\', times, serif;\"><span class=\"colour\" style=\"color: windowtext; margin: 0px; padding: 0px; font-weight: normal; font-style: normal; vertical-align: baseline; text-align: left; text-indent: 0px;\"><span class=\"colour\" style=\"color: #000000;\"><span class=\"font\"><span class=\"size\" style=\"font-size: 12pt; margin: 0px; padding: 0px; line-height: 19px;\"><span class=\"NormalTextRun SCXW135342329 BCX0\" style=\"margin: 0px; padding: 0px;\">Evaluate and identify appropriate technology choices</span> </span></span></span><br></span></span></li>\n<li><span class=\"highlight\" style=\"background-color: #ffffff; font-family: \'times new roman\', times, serif;\"><span class=\"colour\" style=\"color: windowtext; margin: 0px; padding: 0px; font-weight: normal; font-style: normal; vertical-align: baseline; text-align: left; text-indent: 0px;\"><span class=\"colour\" style=\"color: #000000;\"><span class=\"font\"><span class=\"size\" style=\"font-size: 12pt; margin: 0px; padding: 0px; line-height: 19px;\"><span class=\"NormalTextRun SCXW135342329 BCX0\" style=\"margin: 0px; padding: 0px;\">Explore and evangelize new software design and architecture</span> </span></span></span><br></span></span></li>\n<li><span class=\"highlight\" style=\"background-color: #ffffff; font-family: \'times new roman\', times, serif;\"><span class=\"colour\" style=\"color: windowtext; margin: 0px; padding: 0px; font-weight: normal; font-style: normal; vertical-align: baseline; text-align: left; text-indent: 0px;\"><span class=\"colour\" style=\"color: #000000;\"><span class=\"font\"><span class=\"size\" style=\"font-size: 12pt; margin: 0px; padding: 0px; line-height: 19px;\"><span class=\"NormalTextRun SCXW135342329 BCX0\" style=\"margin: 0px; padding: 0px;\">Adapt to a fast-paced collaborative environment</span> </span></span></span><br></span></span></li>\n</ul>\n</div>\n<div class=\"ListContainerWrapper SCXW135342329 BCX0\" style=\"margin: 0px; padding: 0px; position: relative;\">\n<ul class=\"BulletListStyle1 SCXW135342329 BCX0\" style=\"margin: 0px; padding: 0px; overflow: visible; list-style-type: disc; font-family: verdana;\">\n<li class=\"OutlineElement Ltr SCXW135342329 BCX0\" style=\"margin: 0px 0px 0px 24px; padding: 0px; overflow: visible; clear: both; position: relative; direction: ltr; display: block; font-size: 12pt; font-family: Calibri, Calibri_MSFontService, sans-serif; vertical-align: baseline;\">\n<p class=\"Paragraph SCXW135342329 BCX0\" style=\"margin: 0px; padding: 0px; font-weight: normal; font-style: normal; vertical-align: baseline; text-align: left; text-indent: 0px;\"><span class=\"highlight\" style=\"background-color: #ffffff; font-family: \'times new roman\', times, serif;\"><span class=\"colour\" style=\"color: windowtext; margin: 0px; padding: 0px; font-weight: normal; font-style: normal; vertical-align: baseline; text-align: left; text-indent: 0px;\"><span class=\"colour\" style=\"color: #000000;\"><span class=\"font\"><span class=\"size\" style=\"font-size: 12pt; margin: 0px; padding: 0px; line-height: 19px;\"><span class=\"NormalTextRun SCXW135342329 BCX0\" style=\"margin: 0px; padding: 0px;\">Possess strong written and verbal communication abilities, flexibility, and commitment to meeting deadlines are a must</span></span></span></span><span class=\"colour\" style=\"color: #000000;\"><span class=\"font\"><span class=\"size\" style=\"font-size: 12pt; margin: 0px; padding: 0px; line-height: 19px;\"> </span></span></span><br></span></span></p>\n</li>\n</ul>\n</div>\n</div>\n<div> </div>\n<p> </p>\n<div class=\"h3\"><span style=\"font-family: \'times new roman\', times, serif;\">Requirements</span></div>\n<div class=\"SCXW132865836 BCX0\" style=\"margin: 0px; padding: 0px; color: #000000; font-family: Calibri, Calibri_MSFontService, sans-serif; font-size: 16px; font-style: normal; font-weight: 400; letter-spacing: normal; orphans: 2; text-align: left; text-indent: 0px; text-transform: none; white-space: normal; widows: 2; word-spacing: 0px; background-color: #ffffff;\">\n<div class=\"ListContainerWrapper SCXW132865836 BCX0\" style=\"margin: 0px; padding: 0px; position: relative;\">\n<ul>\n<li><span class=\"colour\" style=\"color: #000000; font-family: \'times new roman\', times, serif;\"><span class=\"font\"><span class=\"size\" style=\"font-size: 12pt; margin: 0px; padding: 0px; line-height: 19px;\"><span class=\"NormalTextRun SCXW132865836 BCX0\" style=\"margin: 0px; padding: 0px;\">5+ years demonstrable software design and development experience in </span><span class=\"NormalTextRun SpellingErrorV2 SCXW132865836 BCX0\" style=\"margin: 0px; padding: 0px; background-repeat: repeat-x; background-position: left bottom; border-bottom: 1px solid transparent;\">Javascript</span> </span></span></span></li>\n<li><span class=\"colour\" style=\"color: #000000; font-family: \'times new roman\', times, serif;\"><span class=\"font\"><span class=\"size\" style=\"font-size: 12pt; margin: 0px; padding: 0px; line-height: 19px;\"><span class=\"NormalTextRun SCXW132865836 BCX0\" style=\"margin: 0px; padding: 0px;\">5+ years of experience with modern </span><span class=\"NormalTextRun SpellingErrorV2 SCXW132865836 BCX0\" style=\"margin: 0px; padding: 0px; background-repeat: repeat-x; background-position: left bottom; border-bottom: 1px solid transparent;\">Javascript</span><span class=\"NormalTextRun SCXW132865836 BCX0\" style=\"margin: 0px; padding: 0px;\"> libraries like React, </span><span class=\"NormalTextRun SpellingErrorV2 SCXW132865836 BCX0\" style=\"margin: 0px; padding: 0px; background-repeat: repeat-x; background-position: left bottom; border-bottom: 1px solid transparent;\">ReactNative</span><span class=\"NormalTextRun SCXW132865836 BCX0\" style=\"margin: 0px; padding: 0px;\">, Node</span> </span></span></span></li>\n<li><span class=\"colour\" style=\"color: #000000; font-family: \'times new roman\', times, serif;\"><span class=\"font\"><span class=\"size\" style=\"font-size: 12pt; margin: 0px; padding: 0px; line-height: 19px;\"><span class=\"NormalTextRun SCXW132865836 BCX0\" style=\"margin: 0px; padding: 0px;\">Minimum of 5+ years of experience with web technologies (HTML5, CSS, JavaScript)</span> </span></span></span></li>\n<li><span class=\"colour\" style=\"color: #000000; font-family: \'times new roman\', times, serif;\"><span class=\"font\"><span class=\"size\" style=\"font-size: 12pt; margin: 0px; padding: 0px; line-height: 19px;\"><span class=\"NormalTextRun SCXW132865836 BCX0\" style=\"margin: 0px; padding: 0px;\">Expert knowledge of compatibility and cross-browser issues</span> </span></span></span></li>\n<li><span class=\"highlight\" style=\"background-color: #ffffff; font-family: \'times new roman\', times, serif;\"><span class=\"colour\" style=\"color: windowtext; margin: 0px; padding: 0px; font-weight: normal; font-style: normal; vertical-align: baseline; text-align: left; text-indent: 0px;\"><span class=\"colour\" style=\"color: #000000;\"><span class=\"font\"><span class=\"size\" style=\"font-size: 12pt; margin: 0px; padding: 0px; line-height: 19px;\"><span class=\"NormalTextRun SCXW132865836 BCX0\" style=\"margin: 0px; padding: 0px;\">Proven experience in UI/UX for both web browser and mobile applications.</span> </span></span></span><br></span></span></li>\n<li><span class=\"highlight\" style=\"background-color: #ffffff; font-family: \'times new roman\', times, serif;\"><span class=\"colour\" style=\"color: windowtext; margin: 0px; padding: 0px; font-weight: normal; font-style: normal; vertical-align: baseline; text-align: left; text-indent: 0px;\"><span class=\"colour\" style=\"color: #000000;\"><span class=\"font\"><span class=\"size\" style=\"font-size: 12pt; margin: 0px; padding: 0px; line-height: 19px;\"><span class=\"NormalTextRun SCXW132865836 BCX0\" style=\"margin: 0px; padding: 0px;\">Experience caring for the technical needs of sites, apps and integrations with high volume traffic</span> </span></span></span><br></span></span></li>\n<li><span class=\"highlight\" style=\"background-color: #ffffff; font-family: \'times new roman\', times, serif;\"><span class=\"colour\" style=\"color: windowtext; margin: 0px; padding: 0px; font-weight: normal; font-style: normal; vertical-align: baseline; text-align: left; text-indent: 0px;\"><span class=\"colour\" style=\"color: #000000;\"><span class=\"font\"><span class=\"size\" style=\"font-size: 12pt; margin: 0px; padding: 0px; line-height: 19px;\"><span class=\"NormalTextRun SCXW132865836 BCX0\" style=\"margin: 0px; padding: 0px;\">Solid working knowledge of current Internet technologies and Best Practices</span> </span></span></span><br></span></span></li>\n<li><span class=\"highlight\" style=\"background-color: #ffffff; font-family: \'times new roman\', times, serif;\"><span class=\"colour\" style=\"color: windowtext; margin: 0px; padding: 0px; font-weight: normal; font-style: normal; vertical-align: baseline; text-align: left; text-indent: 0px;\"><span class=\"colour\" style=\"color: #000000;\"><span class=\"font\"><span class=\"size\" style=\"font-size: 12pt; margin: 0px; padding: 0px; line-height: 19px;\"><span class=\"NormalTextRun SCXW132865836 BCX0\" style=\"margin: 0px; padding: 0px;\">Knowledge of Computer Science fundamentals: data structures, algorithms, design patterns, databases, operating systems, and debugging</span> </span></span></span><br></span></span></li>\n</ul>\n</div>\n</div>\n<div class=\"OutlineElement Ltr SCXW34819601 BCX0\" style=\"margin: 0px; padding: 0px; overflow: visible; clear: both; position: relative; direction: ltr; color: #000000; font-family: \'Segoe UI\', \'Segoe UI Web\', Arial, Verdana, sans-serif; font-size: 12px; font-style: normal; font-weight: 400; letter-spacing: normal; orphans: 2; text-indent: 0px; text-transform: none; white-space: normal; widows: 2; word-spacing: 0px; background-color: #ffffff;\">\n<p class=\"Paragraph SCXW34819601 BCX0\" style=\"margin: 0px; padding: 0px; font-weight: normal; font-style: normal; vertical-align: baseline; background-color: #ffffff; color: windowtext; text-align: left; text-indent: 0px;\"><span style=\"font-family: \'times new roman\', times, serif;\"><span class=\"TextRun SCXW34819601 BCX0\" lang=\"EN-US\" style=\"margin: 0px; padding: 0px; color: #000000; font-size: 12pt; line-height: 19px; font-weight: bold;\"><span class=\"NormalTextRun SCXW34819601 BCX0\" style=\"margin: 0px; padding: 0px;\">Nice to have </span></span><span class=\"EOP SCXW34819601 BCX0\" style=\"margin: 0px; padding: 0px; font-size: 12pt; line-height: 19px; color: #000000;\"> </span></span></p>\n<ul>\n<li><span style=\"font-family: \'times new roman\', times, serif;\"><span class=\"TextRun SCXW34819601 BCX0\" lang=\"EN-US\" style=\"margin: 0px; padding: 0px; color: #000000; font-size: 12pt; line-height: 19px;\"><span class=\"NormalTextRun SCXW34819601 BCX0\" style=\"margin: 0px; padding: 0px;\">Experience with any of popular backend MVC Frameworks (Express, Laravel, Django, Ruby on </span><span class=\"NormalTextRun ContextualSpellingAndGrammarErrorV2 SCXW34819601 BCX0\" style=\"margin: 0px; padding: 0px; background-repeat: repeat-x; background-position: left bottom; border-bottom: 1px solid transparent;\">Rails..</span><span class=\"NormalTextRun SCXW34819601 BCX0\" style=\"margin: 0px; padding: 0px;\">)</span></span><span class=\"EOP SCXW34819601 BCX0\" style=\"margin: 0px; padding: 0px; font-size: 12pt; line-height: 19px; color: #000000;\"> </span></span></li>\n</ul>\n</div>\n<p> </p>\n<div class=\"h3\"><span style=\"font-family: \'times new roman\', times, serif;\">Benefits</span></div>\n<div class=\"SCXW259826015 BCX0\" style=\"margin: 0px; padding: 0px; color: #000000; font-family: Calibri, Calibri_MSFontService, sans-serif; font-size: 16px; font-style: normal; font-weight: 400; letter-spacing: normal; orphans: 2; text-align: left; text-indent: 0px; text-transform: none; white-space: normal; widows: 2; word-spacing: 0px; background-color: #ffffff;\">\n<div class=\"ListContainerWrapper SCXW259826015 BCX0\" style=\"margin: 0px; padding: 0px; position: relative;\">\n<ul>\n<li><span style=\"font-family: \'times new roman\', times, serif;\"><span class=\"TextRun SCXW259826015 BCX0\" lang=\"EN-US\" style=\"margin: 0px; padding: 0px; font-size: 12pt; line-height: 19px;\"><span class=\"NormalTextRun SCXW259826015 BCX0\" style=\"margin: 0px; padding: 0px;\">Competitive Salary.</span></span><span class=\"EOP SCXW259826015 BCX0\" style=\"margin: 0px; padding: 0px; font-size: 12pt; line-height: 19px;\"> </span></span></li>\n<li><span style=\"font-family: \'times new roman\', times, serif;\"><span class=\"TextRun SCXW259826015 BCX0\" lang=\"EN-US\" style=\"margin: 0px; padding: 0px; font-size: 12pt; line-height: 19px;\"><span class=\"NormalTextRun SCXW259826015 BCX0\" style=\"margin: 0px; padding: 0px;\">Benefit by law (</span><span class=\"NormalTextRun SpellingErrorV2 SCXW259826015 BCX0\" style=\"margin: 0px; padding: 0px; background-repeat: repeat-x; background-position: left bottom; border-bottom: 1px solid transparent;\">Infonavit</span><span class=\"NormalTextRun SCXW259826015 BCX0\" style=\"margin: 0px; padding: 0px;\">/IMSS/vacations).</span></span><span class=\"EOP SCXW259826015 BCX0\" style=\"margin: 0px; padding: 0px; font-size: 12pt; line-height: 19px;\"> </span></span></li>\n<li><span style=\"font-family: \'times new roman\', times, serif;\"><span class=\"TextRun SCXW259826015 BCX0\" lang=\"EN-US\" style=\"margin: 0px; padding: 0px; font-size: 12pt; line-height: 19px;\"><span class=\"NormalTextRun SCXW259826015 BCX0\" style=\"margin: 0px; padding: 0px;\">Remote work / Relocation bonus.</span></span><span class=\"EOP SCXW259826015 BCX0\" style=\"margin: 0px; padding: 0px; font-size: 12pt; line-height: 19px;\"> </span></span></li>\n<li><span style=\"font-family: \'times new roman\', times, serif;\"><span class=\"TextRun SCXW259826015 BCX0\" lang=\"EN-US\" style=\"margin: 0px; padding: 0px; font-size: 12pt; line-height: 19px;\"><span class=\"NormalTextRun SCXW259826015 BCX0\" style=\"margin: 0px; padding: 0px;\">Life insurance, Minor medical insurance, Birthday/anniversary bonuses, paid time off without waiting for a year.</span></span><span class=\"EOP SCXW259826015 BCX0\" style=\"margin: 0px; padding: 0px; font-size: 12pt; line-height: 19px;\"> </span></span></li>\n<li><span style=\"font-family: \'times new roman\', times, serif;\"><span class=\"TextRun SCXW259826015 BCX0\" lang=\"EN-US\" style=\"margin: 0px; padding: 0px; font-size: 12pt; line-height: 19px;\"><span class=\"NormalTextRun SCXW259826015 BCX0\" style=\"margin: 0px; padding: 0px;\">Career path programs / Growth opportunity</span></span></span></li>\n<li><span style=\"font-family: \'times new roman\', times, serif;\"><span class=\"TextRun SCXW259826015 BCX0\" lang=\"EN-US\" style=\"margin: 0px; padding: 0px; font-size: 12pt; line-height: 19px;\"><span class=\"NormalTextRun SCXW259826015 BCX0\" style=\"margin: 0px; padding: 0px;\">Excellent company culture, fun monthly and yearly events, and even more cool </span><span class=\"NormalTextRun ContextualSpellingAndGrammarErrorV2 SCXW259826015 BCX0\" style=\"margin: 0px; padding: 0px; background-repeat: repeat-x; background-position: left bottom; border-bottom: 1px solid transparent;\">perks!.</span></span><span class=\"EOP SCXW259826015 BCX0\" style=\"margin: 0px; padding: 0px; font-size: 12pt; line-height: 19px;\"> </span></span></li>\n</ul>\n</div>\n</div>\n<p> </p>\n','2021-09-05 22:44:52','Anywhere','Advancio','','remotive.io','2021-09-15 04:30:03','2021-09-15 04:30:03'),(5,'Senior Software Engineer','https://remotive.io/remote-jobs/software-dev/senior-software-engineer-828008','<div class=\"h1\" style=\'font-size: 2.25rem; font-family: \"ITC Clearface\", serif; font-weight: 400; line-height: 1.3; color: rgb(67, 67, 67);\'>Senior Software Engineer</div><p class=\"rte rte--expanded-images clearfix\" style=\'color: rgb(67, 67, 67); font-family: \"Avenir Next\", sans-serif;\'></p><p style=\"margin-top: 15px; margin-bottom: 15px;\">Nathan James is looking for an experienced Software Engineer to help develop and support our in-house ERP system that\'s tailored to meet the needs of our rapidly growing eCommerce business. The product spans inventory, warehouse management, purchasing, and more. You will play a key role in improving our control and tracking of every aspect of the business as well as help increase productivity and reduce costs for the company. We are looking for someone to help dive in and solve some interesting problems that exist between the digital and physical world via our API first ERP.<br><br></p><p style=\"margin-top: 15px; margin-bottom: 15px;\">People-first company, design-first home.</p><p style=\"margin-top: 15px; margin-bottom: 15px;\">We are a design-first, home furnishing company focusing on the habits of urban dwellers and first time home buyers. We pride ourselves on the best in class customer happiness, providing the highest possible quality products that are affordable for the majority and assembly that isn\'t dreadful.</p><p style=\"margin-top: 15px; margin-bottom: 15px;\">As a people-first company, we understood from day one the importance of being fully distributed. We are consistently working to eliminate unnecessary friction at work, most importantly preserving the human experience. We don’t believe that people should have to change who they are nor waver their values in order to have a career.  <br><br></p><div class=\"h1\" style=\'font-size: 2.25rem; margin-top: 30px; margin-bottom: 30px; font-family: \"ITC Clearface\", serif; font-weight: 400; line-height: 1.3;\'>ABOUT THE ROLE:</div><p style=\"margin-top: 15px; margin-bottom: 15px;\">This role will be part of a continually growing engineering department solving real world issues and be a key player in bringing to life new functionality for the system.</p><p style=\"margin-top: 15px; margin-bottom: 15px;\">As a Senior Engineer you will collaborate with the team to review requirements, build out functionality, squash bugs, and expand automated testing. During training, you’ll be expected to be proactive in your process and learn quickly. Once fully up-to-speed (2-3 months), the initial focus will be on or related to Purchase and Sales Orders, Inventory Management, Warehouse Management, and Accounting. The team will help with direction and design decisions, trade-off and risk recommendations, and general experience improvements.<br></p><p style=\"margin-top: 15px; margin-bottom: 15px;\">Your work will be leveraged by Nathan James to move away from 3rd party systems, improve existing workflows, enhance business processes, and reduce costs.</p><br><div class=\"h1\" style=\'font-size: 2.25rem; margin-top: 30px; margin-bottom: 30px; font-family: \"ITC Clearface\", serif; font-weight: 400; line-height: 1.3;\'>ABOUT US:</div><p style=\"margin-top: 15px; margin-bottom: 15px;\">We understand, now more than ever, that time is finite. That’s why with everything we work toward, we try to solve for happiness. Happiness means a lot of different things to different people, so we put in the work that goes into building an inclusive and supportive place for you to do the best work of your career. Our values and our benefits are designed to support a healthy relationship with your work. Our <a href=\"https://nathanjames.com/blogs/latest/nathan-james-operating-values\" rel=\"nofollow\" style=\"touch-action: manipulation; text-decoration: underline; color: rgb(93, 104, 191); transition: color 150ms ease 0s;\">operating values</a> provide the framework we use in building a happy and resilient organization.<br><br>We also understand working for Nathan James isn’t the main function of your life, and we don’t expect that! We’ve found that a team member who will be happy and fulfilled as a remote team member at Nathan James is someone who values their personal life and identity outside of work. <br><br>That’s why we don’t create mandatory team hangouts or events. We focus on how to improve collaboration, not forcing engagement.<br><br>We collaborate best when we listen and learn from each other. We become stronger when we advocate new perspectives and viewpoints. This gives us all the chance to amplify our voices to achieve our goals. We focus on what we’re solving for, so we don’t create barriers or expectations that distract us from our mission. We also don’t set unreasonable working hours, deadlines, or goals. We create with calm, “slow is smooth and smooth is fast”.  </p><p style=\"margin-top: 15px; margin-bottom: 15px;\">When you join the Nathan James team, you can expect a thorough, but mindful onboarding process with ramp-up time to learn. You can expect to give and provide direct feedback. You can expect minimal meetings. You can expect to work with smart and good people. You can expect to be counted on. Most importantly, you can expect to do the best work of your career here. </p><br><div class=\"h1\" style=\'font-size: 2.25rem; margin-top: 30px; margin-bottom: 30px; font-family: \"ITC Clearface\", serif; font-weight: 400; line-height: 1.3;\'>ABOUT YOU:</div><p style=\"margin-top: 15px; margin-bottom: 15px;\">We’re looking for someone who is an open and active communicator with a strong team mentality and is actively curious. You have experience with API-first products, deploying features often and well tested, are passionate about automation, and are comfortable knowing when you need help or don’t know something.</p><p style=\"margin-top: 15px; margin-bottom: 15px;\">You love complex challenges, you’re driven by problem solving and not just duct tape solutions. If you don’t know how to do something you use existing documentation and your resourcefulness to dive-deep and figure it out. You don’t require constant hand-holding, but you’re not afraid to speak up when requirements aren’t clear or they require additional context and details.</p><p style=\"margin-top: 15px; margin-bottom: 15px;\">You have 6+ years of experience working in a LAMP/LEMP stack with Laravel and REST APIs. Additionally, experience with queues (Redis, RabbitMQ, etc), Vue, and/or DevOps is an added plus. You have at least 3+ years developing and deploying consumer or enterprise applications at scale. At a minimum, you must have deep interest and knowledge of the eCommerce landscape.<br><br>You are proactive in your process and learn quickly, leveraging both software and documentation. You innately work on self improvement.<br><br>You may have a degree or you might not, that’s not what we’re looking for. We care about what you can do and how you do it.</p><p style=\"margin-top: 15px; margin-bottom: 15px;\">This is a remote role, since we are a remote company. With the freedom and flexibility of a remote role comes the luxury to work in whichever manner helps you perform your best! However, this ideal is best coupled with an individual who has a keen ability to self regulate and self manage. <br><br>Our team works from home offices, co-working spaces, and coffee shops. You’ll find us in places that foster effective writing, self-discipline, and comfort with open communication.</p><p style=\"margin-top: 15px; margin-bottom: 15px;\">If everything you’ve read so far is exciting you on a weird level, then you are the type of person who will thrive at Nathan James! </p><br><div class=\"h1\" style=\'font-size: 2.25rem; margin-top: 30px; margin-bottom: 30px; font-family: \"ITC Clearface\", serif; font-weight: 400; line-height: 1.3;\'>BENEFITS &amp; PERKS:   </div><p style=\"margin-top: 15px; margin-bottom: 15px;\"><a href=\"https://nathanjames.com/blogs/latest/benefits-perks-nathan-james\" rel=\"nofollow\" style=\"touch-action: manipulation; text-decoration: underline; color: rgb(93, 104, 191); transition: color 150ms ease 0s;\">Our benefits</a> aim to support a life well lived, both at and away from work.</p><p style=\"margin-top: 15px; margin-bottom: 15px;\">With these benefits, we want and expect you to take vacations, spend time with your family, be conscious of your wellness, invest in broadening your education, and strengthen your personal happiness.  <br><br></p><div class=\"h1\" style=\'font-size: 2.25rem; margin-top: 30px; margin-bottom: 30px; font-family: \"ITC Clearface\", serif; font-weight: 400; line-height: 1.3;\'>HOW TO APPLY: </div><p style=\"margin-top: 15px; margin-bottom: 15px;\"><span style=\"font-weight: bolder;\">Please submit an application </span><a href=\"https://airtable.com/shrxSJsZ8jrA1jdlW\" rel=\"nofollow\" style=\"touch-action: manipulation; text-decoration: underline; color: rgb(93, 104, 191); transition: color 150ms ease 0s;\"><span style=\"font-weight: bolder;\">here</span></a><span style=\"font-weight: bolder;\"> that speaks directly to this position. </span>There are no right answers or cookie-cutter expectations. A cover letter is not required, but those that clearly demonstrate how Nathan James would be a great fit for you and how you would be a great fit for us, will be given full attention and are highly appreciated. </p><p style=\"margin-top: 15px; margin-bottom: 15px;\"><span style=\"font-weight: bolder;\">We expect to take two weeks to review all applications. You’ll hear from us about advancement to a short introduction interview. Our interviews are all remote by video chat (no software needed), with your future colleagues, on your schedule. Then on to a work sample review. You’ll get a chance to see the types of challenges you would be solving in this role.  </span><span style=\"font-weight: bolder;\"><br></span></p><p style=\"margin-top: 15px; margin-bottom: 15px;\"><span style=\"font-weight: bolder;\">We aim to make an offer and have this person start by October 2021</span><span style=\"font-weight: bolder;\">. </span></p><p style=\"margin-top: 15px; margin-bottom: 15px;\">We appreciate your consideration in having Nathan James be part of your career. Our open conversation starts with this post. We look forward to hearing from you.<br><br>Check us out on LinkedIn <a href=\"https://www.linkedin.com/company/nathanjames\" rel=\"nofollow\" style=\"touch-action: manipulation; text-decoration: underline; color: rgb(93, 104, 191); transition: color 150ms ease 0s;\">here</a>!</p>\n','2021-09-05 22:34:38','Remote','Nathan James','','remotive.io','2021-09-15 04:30:03','2021-09-15 04:30:03'),(6,'Senior Full Stack Developer (Java Script)','https://remotive.io/remote-jobs/software-dev/senior-full-stack-developer-java-script-846049','<p>Consumers within the global iGaming industry are inundated with online casinos and sportsbooks to choose from, and often make decisions based on very little information being available; leaving them open to bad user experiences.</p>\n<p>At KaFe Rocks we aim to be THE lighthouse for reputable iGaming - shining a light on the industry and providing our users with valuable products, localised content, and data that will help inform their decisions.</p>\n<p>With a set of core values that our Rocketeers live by every day, guiding us further on our journey as one of the leading iGaming affiliates, we really believe we can make a difference to our users’ experiences of this industry.</p>\n<p>We are a remote working company, with an HQ based in Malta. We have an entrepreneurial, ambitious and driven mindset flowing through the company and we will continue to push forward, growing organically within both current and new markets.</p>\n<p>As our team of Rocketeers continues to grow, we are searching for a Senior Full-Stack Developer who is enthusiastic, passionate and keen-to-learn and can also assist our Tech team on all our projects.</p>\n<p>In this role, you will be actively involved in creating and managing applications. You won’t mind getting stuck in and being hands-on when it comes to learning new methods and developing new features.</p>\n<p>If you share our vision of helping users make the best informed decisions, would like to grow your professional skill set, and want to work with our incredible team of Rocketeers, then we’d love to hear from you.</p>\n<p><strong>Your key tasks:</strong></p>\n<ul>\n<li>Writing reusable, testable, and efficient code</li>\n<li>Design and implementation of low-latency, high-availability, and performant applications</li>\n<li>Integration of multiple data sources (such as 3rd party services or APIs) and databases into one system</li>\n<li>Implementing automated testing platforms and unit tests</li>\n<li>Creating and maintaining self-sufficient services in a services oriented architecture</li>\n<li>Document technical and functional specifications</li>\n<li>Be responsible for product quality by optimizing, refactoring and re-implementing legacy applications</li>\n<li>Troubleshoot development issues and provide solutions</li>\n<li>Ensure software development best practices and timeliness of product delivery</li>\n<li>Discuss and develop new features, enhancements, and content of existing websites with other teams</li>\n<li>Support the team with code reviews, pair programming and tight deadlines</li>\n<li>Communicate effectively and collaborate with other Rocketeers</li>\n<li>Have a proactive approach to learning, growth, and sharing</li>\n</ul>\n<p><br>If you’d love to grow your career and learn from some of the best in the business, then we’d love to hear from you.</p>\n<p> </p>\n<p><strong>Requirements</strong></p>\n<ul>\n<li>You WANT to learn, and you’re open to being taught</li>\n<li>Fluent in English</li>\n<li>5+ years of extensive knowledge of JavaScript, web stacks, libraries, and frameworks.</li>\n<li>Strong knowledge of React - Gatsby and TypeScript experience</li>\n<li>Working knowledge with NodeJS and MVC frameworks</li>\n<li>Experience in working with Service Oriented Architectures</li>\n<li>Working experience in building RESTful API and GraphQL</li>\n<li>Experience in Relational and Non-relational Databases such SQL, MongoDB</li>\n<li>Solid understanding of server side templating languages</li>\n<li>Working knowledge on CSS preprocessors and methodologies</li>\n<li>Experience on package managers, CI/CD, Docker</li>\n<li>Experience with automated testing and test driven development</li>\n<li>Basic design ability, for UI/UX, prototype design</li>\n<li>Good understanding of SOLID principles with PHP and PHP Frameworks(Laravel)</li>\n<li>You are quality driven, reliable, independent and productive</li>\n<li>Experience with Git, advanced flows designed for optimal quality and speeds</li>\n<li>Have up to date knowledge of new guidelines and methodologies on high scalability</li>\n<li>Good understanding on Search Engine Optimization(SEO)</li>\n<li>Self-motivated and highly organized</li>\n<li>Ability to balance multiple projects simultaneously</li>\n<li>A high work ethic with the drive to get things done</li>\n<li>iGaming, gaming and/or affiliate experience is a plus</li>\n</ul>\n<p><strong>Benefits</strong></p>\n<p>What you get in return:</p>\n<ul>\n<li>A company that <strong>truly values its employees</strong></li>\n<li><strong>Remote working &amp; a brand-new office</strong> in Malta called \"<a class=\"external\" href=\"https://kafe.rocks/about/#oasis\" rel=\"nofollow\">Oasis</a>\"</li>\n<li><strong>Flexible working hours</strong></li>\n<li>Relocation package if you move to Malta</li>\n<li><strong>Competitive salary</strong> based on your experience</li>\n<li>A genuine<strong> opportunity to progress and develop</strong> further</li>\n<li><strong>Educational Bi-Fridays</strong>: Every other Friday, the leadership Team presents different topics to fuel learning &amp; development</li>\n<li><strong>Annual Reunion</strong> in a tropical place</li>\n<li><strong>Annual Team Round-ups</strong> in the location of the teams choice</li>\n</ul>\n<p>At KaFe Rocks Group diversity, equity, and inclusion are at the core of who we are. Our commitment to these values is unwavering. Together, we continue to build an inclusive culture that encourages, supports, and celebrates the diverse voices of our employees. It fuels our innovation and connects us closer to our customers and the communities we serve.</p>\n','2021-08-20 22:41:41','Anywhere','KaFe Rocks','','remotive.io','2021-09-15 04:30:03','2021-09-15 04:30:03'),(7,'Backend Engineer -TalentCards','https://remotive.io/remote-jobs/software-dev/backend-engineer-talentcards-839714','<p><a class=\"external\" href=\"https://www.epignosishq.com/\" rel=\"nofollow\" target=\"_blank\">Epignosis</a> is a leading engineering company in eLearning technology. Our products help over 8000 companies of all sizes deliver online corporate training to more than 11 million users. We are growing fast and quickly becoming a loved brand in the eLearning market.</p>\n<p>Our technical team is responsible for developing and supporting high traffic and high-performance eLearning web services and applications. As a member of our development team, you’ll work on an advanced Laravel codebase, helping us further expand our industry-leading eLearning platforms and build new innovative online training solutions.</p>\n<p>In this role specifically, you will get to tinker with our newest, coolest product; TalentCards. You\'ll get to work with a modern stack, including PHP 7.4, soon to be 8, official laravel packages, websockets, API for back-to-front communication, AWS, and Vuetify component library.</p>\n<p>Join us and become part of a vibrant, rapidly growing technical team!</p>\n<p><strong>Requirements</strong></p>\n<ul>\n<li>2+ years of professional experience as a Software Engineer on web-related projects or products, preferably on PHP</li>\n<li>A solid grasp of front-end technologies such as HTML, CSS, JS; familiarity with one or more modern web application frameworks (React, Angular, Backbone, Vue, etc.) is greatly appreciated</li>\n<li>Experience with Object-Oriented-Programming (OOP)</li>\n<li>Experience with developing and consuming APIs</li>\n<li>Familiarity with both web and mobile databases (MySQL, Realm, SQLite, etc)</li>\n<li>Comfortable working with Linux and Git/Github</li>\n<li>High standards in terms of code quality, reusability, testability, and maintainability</li>\n<li>Ability to work with a blend of diverse professionals to deliver results in an efficient manner</li>\n<li>Excellent verbal and written skills and proficiency in the English language</li>\n</ul>\n<p><strong>Benefits</strong></p>\n<ul>\n<li>Highly Competitive salary</li>\n<li>Private Health insurance plan and meal allowance</li>\n<li>Ηigh-end equipment</li>\n<li>Ongoing training for further professional and personal development</li>\n<li>Ample Career opportunities</li>\n<li>Work in Athens, Crete, Cyprus, or remotely from anywhere you want to</li>\n<li>Work/life balance ― we go big AND we go home.</li>\n</ul>\n<p><strong>What’s it like working for us?</strong></p>\n<p>We focus on great culture. We want to end our work happy and start the next day happier. Mind you, this is harder than it sounds, but we try our best to not create problems other than technical ones, listen to our people’s needs, and sometimes just take a break if we must.</p>\n<p>A typical day at work can involve many things: working on a new feature the Product Manager has specified, investigating a new technology that is of interest to our customers, or fixing a problem reported by our QA team or customers. Our developers contribute code on a daily basis, which undergoes code reviews by peer programmers and then tested by the QA team.</p>\n<p>We have several teams working on different products or areas of focus, with a size of 3 to 10 people, utilizing a healthy mix of experienced and junior devs. Our teams are mostly self-organizing, but most of them are using Scrum and are being led by a senior engineer. Our company is ISO 27001 &amp; 9001 certified, so we have structure and processes, but without being bureaucratic. We are also proud to be one of the first companies to join the EU Cloud Code of Conduct.</p>\n<p> </p>\n<p><strong>Make an impact in the way thousands of people are trained worldwide - apply now</strong></p>\n','2021-08-18 06:44:25','','Epignosis','','remotive.io','2021-09-15 04:30:03','2021-09-15 04:30:03'),(8,'Software Engineer II','https://remotive.io/remote-jobs/software-dev/software-engineer-ii-535038','<p style=\"padding: 0px; border-style: initial; outline: 0px; vertical-align: baseline; margin-block-end: 0px; color: #222222; font-family: Lato, sans-serif; font-size: 15px;\"><span style=\"margin: 0px; padding: 0px; border-style: initial; outline: 0px; vertical-align: baseline; font-weight: bold;\"><span style=\"margin: 0px; padding: 0px; border-style: initial; outline: 0px; vertical-align: baseline; color: #04aed9; font-size: 22px;\">REMOTE: Software Engineer II </span></span><span style=\"margin: 0px; padding: 0px; border-style: initial; outline: 0px; vertical-align: baseline; color: #04aed9; font-size: 22px;\">| The Profession |</span></p>\r\n \r\n<p style=\"padding: 0px; border-style: initial; outline: 0px; vertical-align: baseline; margin-block-end: 0px; color: rgb(34, 34, 34); font-family: Lato, sans-serif; font-size: 15px;\"><span style=\"margin: 0px; padding: 0px; border-style: initial; outline: 0px; vertical-align: baseline; color: rgb(64, 64, 64); font-size: 16px;\">The Art of Education University (AOEU) is looking for a software engineer to join our team in building the next generation of our educational products and systems.</span></p><br><p style=\"padding: 0px; border-style: initial; outline: 0px; vertical-align: baseline; margin-block-end: 0px; color: rgb(34, 34, 34); font-family: Lato, sans-serif; font-size: 15px;\"><span style=\"margin: 0px; padding: 0px; border-style: initial; outline: 0px; vertical-align: baseline; color: rgb(64, 64, 64); font-size: 16px;\">AOEU has developed a home-grown suite of technology solutions to support our unique value proposition, of serving the educational and teaching needs of art teachers across their entire careers. We have extended our technology stack to its boundaries and are ready to move beyond to new more scalable frameworks that will better support our growth trajectory in the years to come. We are in search of a skilled software developer with a diverse background, that is interested in helping us maintain our current WordPress platform, while also helping build and integrate with our new platform and services.</span></p><br><p style=\"padding: 0px; border-style: initial; outline: 0px; vertical-align: baseline; margin-block-end: 0px; color: rgb(34, 34, 34); font-family: Lato, sans-serif; font-size: 15px;\"><span style=\"margin: 0px; padding: 0px; border-style: initial; outline: 0px; vertical-align: baseline; color: rgb(64, 64, 64); font-size: 16px;\">We believe products should be so simple to use and beautiful in their design, that they speak for themselves in a sales demo. Our products should sell themselves in any context, B2B, B2C and should be valued based on the measurable, positive outcomes they create for our customers and end users. We are wary of feature creep but always seek continual improvement.</span></p>\r\n \r\n<p style=\"padding: 0px; border-style: initial; outline: 0px; vertical-align: baseline; margin-block-end: 0px; color: #222222; font-family: Lato, sans-serif; font-size: 15px;\"><span style=\"margin: 0px; padding: 0px; border-style: initial; outline: 0px; vertical-align: baseline; font-weight: bold;\"><span style=\"margin: 0px; padding: 0px; border-style: initial; outline: 0px; vertical-align: baseline; color: #04aed9; font-size: 22px;\">The Art of Education University </span></span><span style=\"margin: 0px; padding: 0px; border-style: initial; outline: 0px; vertical-align: baseline; color: #04aed9; font-size: 22px;\">| Who We Are |</span></p>\r\n \r\n<p style=\"padding: 0px; border-style: initial; outline: 0px; vertical-align: baseline; margin-block-end: 0px; color: #222222; font-family: Lato, sans-serif; font-size: 15px;\"><span style=\"margin: 0px; padding: 0px; border-style: initial; outline: 0px; vertical-align: baseline; color: #404040; font-size: 16px; text-decoration-line: underline;\">MISSION</span></p>\n<p style=\"padding: 0px; border-style: initial; outline: 0px; vertical-align: baseline; margin-block-end: 0px; color: #222222; font-family: Lato, sans-serif; font-size: 15px;\"><span style=\"margin: 0px; padding: 0px; border-style: initial; outline: 0px; vertical-align: baseline; color: #404040; font-size: 16px;\">Our mission is simple, driven, and inspiring: We grow amazing art teachers by providing rigorous, relevant, and engaging professional development at every stage of their career.</span></p>\r\n \r\n<p style=\"padding: 0px; border-style: initial; outline: 0px; vertical-align: baseline; margin-block-end: 0px; color: #222222; font-family: Lato, sans-serif; font-size: 15px;\"><span style=\"margin: 0px; padding: 0px; border-style: initial; outline: 0px; vertical-align: baseline; color: #404040; font-size: 16px; text-decoration-line: underline;\">BELIEFS</span></p>\n<p style=\"padding: 0px; border-style: initial; outline: 0px; vertical-align: baseline; margin-block-end: 0px; color: #222222; font-family: Lato, sans-serif; font-size: 15px;\"><span style=\"margin: 0px; padding: 0px; border-style: initial; outline: 0px; vertical-align: baseline; color: #404040; font-size: 16px;\">AOEU is an innovative and fast-growing institution of higher education serving art teachers around the world. In 2019, we became the first homegrown graduate university in the state of Iowa in 50 years and the world’s first “University For Life,” serving art educators throughout an entire lifetime of learning.</span></p>\r\n \r\n<p style=\"padding: 0px; border-style: initial; outline: 0px; vertical-align: baseline; margin-block-end: 0px; color: #222222; font-family: Lato, sans-serif; font-size: 15px;\"><span style=\"margin: 0px; padding: 0px; border-style: initial; outline: 0px; vertical-align: baseline; color: #404040; font-size: 16px;\">The Software Engineering team supports AOEU and its mission by making others’ lives and jobs easier through software.</span></p>\r\n \r\n<p style=\"padding: 0px; border-style: initial; outline: 0px; vertical-align: baseline; margin-block-end: 0px; color: #222222; font-family: Lato, sans-serif; font-size: 15px;\"><span style=\"margin: 0px; padding: 0px; border-style: initial; outline: 0px; vertical-align: baseline; color: #404040; font-size: 16px;\">The Art of Education University serves tens of thousands of students, readers, and customers around the U.S. and in over 40 countries. Our Magazine is read more than 800,000 times each month, our events are attended by thousands of art educators annually, and we serve over 2,000 graduate students each year.</span></p>\r\n \r\n<p style=\"padding: 0px; border-style: initial; outline: 0px; vertical-align: baseline; margin-block-end: 0px; color: #222222; font-family: Lato, sans-serif; font-size: 15px;\"><span style=\"margin: 0px; padding: 0px; border-style: initial; outline: 0px; vertical-align: baseline; color: #404040; font-size: 16px; text-decoration-line: underline;\">CULTURE</span><span style=\"margin: 0px; padding: 0px; border-style: initial; outline: 0px; vertical-align: baseline; color: #404040; font-size: 16px;\">: </span></p>\n<p style=\"padding: 0px; border-style: initial; outline: 0px; vertical-align: baseline; margin-block-end: 0px; color: #222222; font-family: Lato, sans-serif; font-size: 15px;\"><span style=\"margin: 0px; padding: 0px; border-style: initial; outline: 0px; vertical-align: baseline; color: #0e101a; font-size: 16px;\">Our culture is at the heart of our success as an institution. We believe in a drama-free environment that upholds the ideals of Radical Candor©. We believe that your success is our success. You will always know where you stand and be challenged to grow and stretch yourself in ways you never imagined.</span></p>\r\n \r\n<p style=\"padding: 0px; border-style: initial; outline: 0px; vertical-align: baseline; margin-block-end: 0px; color: #222222; font-family: Lato, sans-serif; font-size: 15px;\"><span style=\"margin: 0px; padding: 0px; border-style: initial; outline: 0px; vertical-align: baseline; color: #404040; font-size: 16px; text-decoration-line: underline;\">LEARN MORE</span><span style=\"margin: 0px; padding: 0px; border-style: initial; outline: 0px; vertical-align: baseline; color: #404040; font-size: 16px;\">: </span><a href=\"https://www.theartofeducation.edu/\" rel=\"nofollow\" style=\"margin: 0px; padding: 0px; border-style: initial; outline: 0px; vertical-align: baseline; border-radius: 2px; color: #0772b3; text-decoration: none;\"><span style=\"margin: 0px; padding: 0px; border-style: initial; outline: 0px; vertical-align: baseline; font-size: 16px;\">https://www.theartofeducation.edu</span></a></p>\r\n \r\n<p style=\"padding: 0px; border-style: initial; outline: 0px; vertical-align: baseline; margin-block-end: 0px; color: #222222; font-family: Lato, sans-serif; font-size: 15px;\"><span style=\"margin: 0px; padding: 0px; border-style: initial; outline: 0px; vertical-align: baseline; font-weight: bold;\"><span style=\"margin: 0px; padding: 0px; border-style: initial; outline: 0px; vertical-align: baseline; color: #04aed9; font-size: 22px;\">The Details </span></span><span style=\"margin: 0px; padding: 0px; border-style: initial; outline: 0px; vertical-align: baseline; color: #04aed9; font-size: 22px;\">| Software Engineer |</span></p>\r\n \r\n<p style=\"padding: 0px; border-style: initial; outline: 0px; vertical-align: baseline; margin-block-end: 0px; color: #222222; font-family: Lato, sans-serif; font-size: 15px;\"><span style=\"margin: 0px; padding: 0px; border-style: initial; outline: 0px; vertical-align: baseline; color: #04aed9; font-size: 18px;\">Essential Responsibilities </span></p>\r\n \r\n<p style=\"padding: 0px; border-style: initial; outline: 0px; vertical-align: baseline; margin-block-end: 0px; color: #222222; font-family: Lato, sans-serif; font-size: 15px;\"><span style=\"margin: 0px; padding: 0px; border-style: initial; outline: 0px; vertical-align: baseline; color: #404040; font-size: 16px; text-decoration-line: underline;\">Programming Ability</span></p>\n<ul style=\"padding-left: 0px; border-style: initial; outline: 0px; vertical-align: baseline; color: #222222; font-family: Lato, sans-serif; font-size: 15px; margin-left: 30px !important; list-style-position: outside !important;\">\n<li style=\"margin: 0px 0px 5px; padding: 0px; border-style: initial; outline: 0px; vertical-align: baseline; line-height: 1.4 !important;\"><span style=\"margin: 0px; padding: 0px; border-style: initial; outline: 0px; vertical-align: baseline; color: rgb(64, 64, 64); font-size: 16px;\">Builds defined features, integrations, and fixes</span></li><li style=\"margin: 0px 0px 5px; padding: 0px; border-style: initial; outline: 0px; vertical-align: baseline; line-height: 1.4 !important;\"><span style=\"margin: 0px; padding: 0px; border-style: initial; outline: 0px; vertical-align: baseline; color: rgb(64, 64, 64); font-size: 16px;\">Documents code functionality, workflows, and processes</span></li><li style=\"margin: 0px 0px 5px; padding: 0px; border-style: initial; outline: 0px; vertical-align: baseline; line-height: 1.4 !important;\"><span style=\"margin: 0px; padding: 0px; border-style: initial; outline: 0px; vertical-align: baseline; color: rgb(64, 64, 64); font-size: 16px;\">Writes code to solve problems in a team environment</span></li><li style=\"margin: 0px 0px 5px; padding: 0px; border-style: initial; outline: 0px; vertical-align: baseline; line-height: 1.4 !important;\"><span style=\"margin: 0px; padding: 0px; border-style: initial; outline: 0px; vertical-align: baseline; color: rgb(64, 64, 64); font-size: 16px;\">Writes testable, maintainable code</span></li><li style=\"margin: 0px 0px 5px; padding: 0px; border-style: initial; outline: 0px; vertical-align: baseline; line-height: 1.4 !important;\"><span style=\"margin: 0px; padding: 0px; border-style: initial; outline: 0px; vertical-align: baseline; color: rgb(64, 64, 64); font-size: 16px;\">Provides architectural guidance and feedback and implementation support</span></li><li style=\"margin: 0px 0px 5px; padding: 0px; border-style: initial; outline: 0px; vertical-align: baseline; line-height: 1.4 !important;\"><span style=\"margin: 0px; padding: 0px; border-style: initial; outline: 0px; vertical-align: baseline; color: rgb(64, 64, 64); font-size: 16px;\">Performs analysis and provides feedback on reported defects, and implements solutions</span></li><li style=\"margin: 0px 0px 5px; padding: 0px; border-style: initial; outline: 0px; vertical-align: baseline; line-height: 1.4 !important;\"><span style=\"margin: 0px; padding: 0px; border-style: initial; outline: 0px; vertical-align: baseline; color: rgb(64, 64, 64); font-size: 16px;\">Writes effective, automated tests</span></li><li style=\"margin: 0px 0px 5px; padding: 0px; border-style: initial; outline: 0px; vertical-align: baseline; line-height: 1.4 !important;\"><span style=\"margin: 0px; padding: 0px; border-style: initial; outline: 0px; vertical-align: baseline; color: rgb(64, 64, 64); font-size: 16px;\">Follows and improves the development process</span></li><li style=\"margin: 0px 0px 5px; padding: 0px; border-style: initial; outline: 0px; vertical-align: baseline; line-height: 1.4 !important;\"><span style=\"margin: 0px; padding: 0px; border-style: initial; outline: 0px; vertical-align: baseline; color: rgb(64, 64, 64); font-size: 16px;\">Mentors peers and junior team members</span></li><li style=\"margin: 0px 0px 5px; padding: 0px; border-style: initial; outline: 0px; vertical-align: baseline; line-height: 1.4 !important;\"><span style=\"margin: 0px; padding: 0px; border-style: initial; outline: 0px; vertical-align: baseline; color: rgb(64, 64, 64); font-size: 16px;\">Performs thoughtful code reviews and provides constructive, positive feedback with the interest of improving code quality, performance, and building the team</span></li>\n</ul>\r\n \r\n<p style=\"padding: 0px; border-style: initial; outline: 0px; vertical-align: baseline; margin-block-end: 0px; color: #222222; font-family: Lato, sans-serif; font-size: 15px;\"><span style=\"margin: 0px; padding: 0px; border-style: initial; outline: 0px; vertical-align: baseline; color: #404040; font-size: 16px; text-decoration-line: underline;\">Communication</span></p>\n<ul style=\"padding-left: 0px; border-style: initial; outline: 0px; vertical-align: baseline; color: #222222; font-family: Lato, sans-serif; font-size: 15px; margin-left: 30px !important; list-style-position: outside !important;\">\n<li style=\"margin: 0px 0px 5px; padding: 0px; border-style: initial; outline: 0px; vertical-align: baseline; line-height: 1.4 !important;\"><span style=\"margin: 0px; padding: 0px; border-style: initial; outline: 0px; vertical-align: baseline; color: rgb(64, 64, 64); font-size: 16px;\">Communicates effectively through emails, Slack, etc.</span></li><li style=\"margin: 0px 0px 5px; padding: 0px; border-style: initial; outline: 0px; vertical-align: baseline; line-height: 1.4 !important;\"><span style=\"margin: 0px; padding: 0px; border-style: initial; outline: 0px; vertical-align: baseline; color: rgb(64, 64, 64); font-size: 16px;\">Gives proactive status updates</span></li><li style=\"margin: 0px 0px 5px; padding: 0px; border-style: initial; outline: 0px; vertical-align: baseline; line-height: 1.4 !important;\"><span style=\"margin: 0px; padding: 0px; border-style: initial; outline: 0px; vertical-align: baseline; color: rgb(64, 64, 64); font-size: 16px;\">Ability to present structured fact-based arguments</span></li><li style=\"margin: 0px 0px 5px; padding: 0px; border-style: initial; outline: 0px; vertical-align: baseline; line-height: 1.4 !important;\"><span style=\"margin: 0px; padding: 0px; border-style: initial; outline: 0px; vertical-align: baseline; color: rgb(64, 64, 64); font-size: 16px;\">Values collaboration with their own team and others</span></li>\n</ul>\r\n \r\n<p style=\"padding: 0px; border-style: initial; outline: 0px; vertical-align: baseline; margin-block-end: 0px; color: #222222; font-family: Lato, sans-serif; font-size: 15px;\"><span style=\"margin: 0px; padding: 0px; border-style: initial; outline: 0px; vertical-align: baseline; color: #404040; font-size: 16px; text-decoration-line: underline;\">Critical Thinking</span></p>\n<ul style=\"padding-left: 0px; border-style: initial; outline: 0px; vertical-align: baseline; color: #222222; font-family: Lato, sans-serif; font-size: 15px; margin-left: 30px !important; list-style-position: outside !important;\">\n<li style=\"margin: 0px 0px 5px; padding: 0px; border-style: initial; outline: 0px; vertical-align: baseline; line-height: 1.4 !important;\"><span style=\"margin: 0px; padding: 0px; border-style: initial; outline: 0px; vertical-align: baseline; color: rgb(64, 64, 64); font-size: 16px;\">Balances short-term needs with long-term goals</span></li><li style=\"margin: 0px 0px 5px; padding: 0px; border-style: initial; outline: 0px; vertical-align: baseline; line-height: 1.4 !important;\"><span style=\"margin: 0px; padding: 0px; border-style: initial; outline: 0px; vertical-align: baseline; color: rgb(64, 64, 64); font-size: 16px;\">Thinks about what could go wrong and how we can mitigate the risk</span></li><li style=\"margin: 0px 0px 5px; padding: 0px; border-style: initial; outline: 0px; vertical-align: baseline; line-height: 1.4 !important;\"><span style=\"margin: 0px; padding: 0px; border-style: initial; outline: 0px; vertical-align: baseline; color: rgb(64, 64, 64); font-size: 16px;\">Identifies blocking issues</span></li><li style=\"margin: 0px 0px 5px; padding: 0px; border-style: initial; outline: 0px; vertical-align: baseline; line-height: 1.4 !important;\"><span style=\"margin: 0px; padding: 0px; border-style: initial; outline: 0px; vertical-align: baseline; color: rgb(64, 64, 64); font-size: 16px;\">Help define requirements</span></li><li style=\"margin: 0px 0px 5px; padding: 0px; border-style: initial; outline: 0px; vertical-align: baseline; line-height: 1.4 !important;\"><span style=\"margin: 0px; padding: 0px; border-style: initial; outline: 0px; vertical-align: baseline; color: rgb(64, 64, 64); font-size: 16px;\">Open-source mindset</span></li>\n</ul>\r\n \r\n<p style=\"padding: 0px; border-style: initial; outline: 0px; vertical-align: baseline; margin-block-end: 0px; color: #222222; font-family: Lato, sans-serif; font-size: 15px;\"><span style=\"margin: 0px; padding: 0px; border-style: initial; outline: 0px; vertical-align: baseline; color: #404040; font-size: 16px; text-decoration-line: underline;\">Initiative</span></p>\n<ul style=\"padding-left: 0px; border-style: initial; outline: 0px; vertical-align: baseline; color: #222222; font-family: Lato, sans-serif; font-size: 15px; margin-left: 30px !important; list-style-position: outside !important;\">\n<li style=\"margin: 0px 0px 5px; padding: 0px; border-style: initial; outline: 0px; vertical-align: baseline; line-height: 1.4 !important;\"><span style=\"margin: 0px; padding: 0px; border-style: initial; outline: 0px; vertical-align: baseline; color: rgb(64, 64, 64); font-size: 16px;\">Takes ownership</span></li><li style=\"margin: 0px 0px 5px; padding: 0px; border-style: initial; outline: 0px; vertical-align: baseline; line-height: 1.4 !important;\"><span style=\"margin: 0px; padding: 0px; border-style: initial; outline: 0px; vertical-align: baseline; color: rgb(64, 64, 64); font-size: 16px;\">Follows through to the very end</span></li><li style=\"margin: 0px 0px 5px; padding: 0px; border-style: initial; outline: 0px; vertical-align: baseline; line-height: 1.4 !important;\"><span style=\"margin: 0px; padding: 0px; border-style: initial; outline: 0px; vertical-align: baseline; color: rgb(64, 64, 64); font-size: 16px;\">Values learning new technology</span></li>\n</ul>\r\n \r\n<p style=\"padding: 0px; border-style: initial; outline: 0px; vertical-align: baseline; margin-block-end: 0px; color: #222222; font-family: Lato, sans-serif; font-size: 15px;\"><span style=\"margin: 0px; padding: 0px; border-style: initial; outline: 0px; vertical-align: baseline; color: #04aed9; font-size: 18px;\">Work Environment</span></p>\r\n \r\n<p style=\"padding: 0px; border-style: initial; outline: 0px; vertical-align: baseline; margin-block-end: 0px; color: #222222; font-family: Lato, sans-serif; font-size: 15px;\"><span style=\"margin: 0px; padding: 0px; border-style: initial; outline: 0px; vertical-align: baseline; color: #404040; font-size: 16px;\">The duties of this position are typical of those performed in a home office setting with normal ranges of temperature. The majority of tasks will be performed while sitting at a desk.</span></p>\r\n \r\n<p style=\"padding: 0px; border-style: initial; outline: 0px; vertical-align: baseline; margin-block-end: 0px; color: #222222; font-family: Lato, sans-serif; font-size: 15px;\"><span style=\"margin: 0px; padding: 0px; border-style: initial; outline: 0px; vertical-align: baseline; color: #404040; font-size: 16px; text-decoration-line: underline;\">PHYSICAL REQUIREMENTS</span></p>\n<ul style=\"padding-left: 0px; border-style: initial; outline: 0px; vertical-align: baseline; color: #222222; font-family: Lato, sans-serif; font-size: 15px; margin-left: 30px !important; list-style-position: outside !important;\">\n<li style=\"margin: 0px 0px 5px; padding: 0px; border-style: initial; outline: 0px; vertical-align: baseline; line-height: 1.4 !important;\"><span style=\"margin: 0px; padding: 0px; border-style: initial; outline: 0px; vertical-align: baseline; color: #404040; font-size: 16px;\">Position requires considerable concentration and focus throughout the day</span></li>\n<li style=\"margin: 0px 0px 5px; padding: 0px; border-style: initial; outline: 0px; vertical-align: baseline; line-height: 1.4 !important;\"><span style=\"margin: 0px; padding: 0px; border-style: initial; outline: 0px; vertical-align: baseline; color: #404040; font-size: 16px;\">Ability to sit for extended periods of time</span></li>\n<li style=\"margin: 0px 0px 5px; padding: 0px; border-style: initial; outline: 0px; vertical-align: baseline; line-height: 1.4 !important;\"><span style=\"margin: 0px; padding: 0px; border-style: initial; outline: 0px; vertical-align: baseline; color: #404040; font-size: 16px;\">Ability to lift items such as laptops, monitors, and the like</span></li>\n<li style=\"margin: 0px 0px 5px; padding: 0px; border-style: initial; outline: 0px; vertical-align: baseline; line-height: 1.4 !important;\"><span style=\"margin: 0px; padding: 0px; border-style: initial; outline: 0px; vertical-align: baseline; color: #404040; font-size: 16px;\">When traveling:</span>\n<ul style=\"padding-left: 0px; border-width: 0px; border-style: initial; outline: 0px; vertical-align: baseline; list-style-type: circle; list-style-position: outside !important; margin: 5px !important 0px 0px 30px !important;\">\n<li style=\"margin: 0px 0px 5px; padding: 0px; border-style: initial; outline: 0px; vertical-align: baseline; line-height: 1.4 !important;\"><span style=\"margin: 0px; padding: 0px; border-style: initial; outline: 0px; vertical-align: baseline; color: #404040; font-size: 16px;\">The ability to lift or push your suitcase</span></li>\n<li style=\"margin: 0px 0px 5px; padding: 0px; border-style: initial; outline: 0px; vertical-align: baseline; line-height: 1.4 !important;\"><span style=\"margin: 0px; padding: 0px; border-style: initial; outline: 0px; vertical-align: baseline; color: #404040; font-size: 16px;\">Ability to carry/lift up to 25-50 lbs of presentation materials for customers or for conference presentations, etc.</span></li>\n</ul>\n</li>\n</ul>\r\n \r\n<p style=\"padding: 0px; border-style: initial; outline: 0px; vertical-align: baseline; margin-block-end: 0px; color: #222222; font-family: Lato, sans-serif; font-size: 15px;\"><span style=\"margin: 0px; padding: 0px; border-style: initial; outline: 0px; vertical-align: baseline; color: #404040; font-size: 16px; text-decoration-line: underline;\">VISUAL &amp; TACTILE REQUIREMENTS</span></p>\n<ul style=\"padding-left: 0px; border-style: initial; outline: 0px; vertical-align: baseline; color: #222222; font-family: Lato, sans-serif; font-size: 15px; margin-left: 30px !important; list-style-position: outside !important;\">\n<li style=\"margin: 0px 0px 5px; padding: 0px; border-style: initial; outline: 0px; vertical-align: baseline; line-height: 1.4 !important;\"><span style=\"margin: 0px; padding: 0px; border-style: initial; outline: 0px; vertical-align: baseline; color: #404040; font-size: 16px;\">Ability to view computer screens for significant periods of time</span></li>\n<li style=\"margin: 0px 0px 5px; padding: 0px; border-style: initial; outline: 0px; vertical-align: baseline; line-height: 1.4 !important;\"><span style=\"margin: 0px; padding: 0px; border-style: initial; outline: 0px; vertical-align: baseline; color: #404040; font-size: 16px;\">Ability to use a laptop keyboard with accuracy</span></li>\n<li style=\"margin: 0px 0px 5px; padding: 0px; border-style: initial; outline: 0px; vertical-align: baseline; line-height: 1.4 !important;\"><span style=\"margin: 0px; padding: 0px; border-style: initial; outline: 0px; vertical-align: baseline; color: #404040; font-size: 16px;\">Ability to hear at normal levels and through electronic devices such as laptops, earbuds, phones, and the like</span></li>\n</ul>\r\n \r\n<p style=\"padding: 0px; border-style: initial; outline: 0px; vertical-align: baseline; margin-block-end: 0px; color: #222222; font-family: Lato, sans-serif; font-size: 15px;\"><span style=\"margin: 0px; padding: 0px; border-style: initial; outline: 0px; vertical-align: baseline; color: #04aed9; font-size: 18px;\">Experience </span></p>\r\n \r\n<p style=\"padding: 0px; border-style: initial; outline: 0px; vertical-align: baseline; margin-block-end: 0px; color: rgb(34, 34, 34); font-family: Lato, sans-serif; font-size: 15px;\"><span style=\"margin: 0px; padding: 0px; border-style: initial; outline: 0px; vertical-align: baseline; color: rgb(64, 64, 64); font-size: 16px;\">We are looking for a developer with strong PHP knowledge to help maintain, extend, and integrate our existing code base during our re-platforming phase. The right candidate will have the desire and ability to learn and work with multiple technologies as we transition to our new technology stack.</span></p><p style=\"padding: 0px; border-style: initial; outline: 0px; vertical-align: baseline; margin-block-end: 0px; color: rgb(34, 34, 34); font-family: Lato, sans-serif; font-size: 15px;\"><span style=\"margin: 0px; padding: 0px; border-style: initial; outline: 0px; vertical-align: baseline; color: rgb(64, 64, 64); font-size: 16px;\">Some of the things we’re looking for:</span></p><ul style=\"padding-left: 0px; border-style: initial; outline: 0px; vertical-align: baseline; color: rgb(34, 34, 34); font-family: Lato, sans-serif; font-size: 15px; margin-left: 30px !important; list-style-position: outside !important;\"><li style=\"margin: 0px 0px 5px; padding: 0px; border-style: initial; outline: 0px; vertical-align: baseline; line-height: 1.4 !important;\"><span style=\"margin: 0px; padding: 0px; border-style: initial; outline: 0px; vertical-align: baseline; color: rgb(64, 64, 64); font-size: 16px;\">PHP experience required</span></li><li style=\"margin: 0px 0px 5px; padding: 0px; border-style: initial; outline: 0px; vertical-align: baseline; line-height: 1.4 !important;\"><span style=\"margin: 0px; padding: 0px; border-style: initial; outline: 0px; vertical-align: baseline; color: rgb(64, 64, 64); font-size: 16px;\">Experience with WordPress development</span></li><li style=\"margin: 0px 0px 5px; padding: 0px; border-style: initial; outline: 0px; vertical-align: baseline; line-height: 1.4 !important;\"><span style=\"margin: 0px; padding: 0px; border-style: initial; outline: 0px; vertical-align: baseline; color: rgb(64, 64, 64); font-size: 16px;\">Experience working with PHP frameworks (Symfony, Laravel, etc.)</span></li><li style=\"margin: 0px 0px 5px; padding: 0px; border-style: initial; outline: 0px; vertical-align: baseline; line-height: 1.4 !important;\"><span style=\"margin: 0px; padding: 0px; border-style: initial; outline: 0px; vertical-align: baseline; color: rgb(64, 64, 64); font-size: 16px;\">Source control (we use Git with GitHub.)</span></li><li style=\"margin: 0px 0px 5px; padding: 0px; border-style: initial; outline: 0px; vertical-align: baseline; line-height: 1.4 !important;\"><span style=\"margin: 0px; padding: 0px; border-style: initial; outline: 0px; vertical-align: baseline; color: rgb(64, 64, 64); font-size: 16px;\">Unit testing and TDD</span></li><li style=\"margin: 0px 0px 5px; padding: 0px; border-style: initial; outline: 0px; vertical-align: baseline; line-height: 1.4 !important;\"><span style=\"margin: 0px; padding: 0px; border-style: initial; outline: 0px; vertical-align: baseline; color: rgb(64, 64, 64); font-size: 16px;\">Agile methodologies (SCRUM, Kanban)</span></li><li style=\"margin: 0px 0px 5px; padding: 0px; border-style: initial; outline: 0px; vertical-align: baseline; line-height: 1.4 !important;\"><span style=\"margin: 0px; padding: 0px; border-style: initial; outline: 0px; vertical-align: baseline; color: rgb(64, 64, 64); font-size: 16px;\">Familiarity with CI/CD processes</span></li><li style=\"margin: 0px 0px 5px; padding: 0px; border-style: initial; outline: 0px; vertical-align: baseline; line-height: 1.4 !important;\"><span style=\"margin: 0px; padding: 0px; border-style: initial; outline: 0px; vertical-align: baseline; color: rgb(64, 64, 64); font-size: 16px;\">Knowledge of software architecture and design</span></li><li style=\"margin: 0px 0px 5px; padding: 0px; border-style: initial; outline: 0px; vertical-align: baseline; line-height: 1.4 !important;\"><span style=\"margin: 0px; padding: 0px; border-style: initial; outline: 0px; vertical-align: baseline; color: rgb(64, 64, 64); font-size: 16px;\">Experience working in a remote capacity</span></li><li style=\"margin: 0px 0px 5px; padding: 0px; border-style: initial; outline: 0px; vertical-align: baseline; line-height: 1.4 !important;\"><span style=\"margin: 0px; padding: 0px; border-style: initial; outline: 0px; vertical-align: baseline; color: rgb(64, 64, 64); font-size: 16px;\">Experience in JavaScript, Python, or Go a plus</span></li></ul><ul style=\"padding-left: 0px; border-style: initial; outline: 0px; vertical-align: baseline; color: #222222; font-family: Lato, sans-serif; font-size: 15px; margin-left: 30px !important; list-style-position: outside !important;\">\n</ul>\r\n \r\n<p style=\"padding: 0px; border-style: initial; outline: 0px; vertical-align: baseline; margin-block-end: 0px; color: #222222; font-family: Lato, sans-serif; font-size: 15px;\"><span style=\"margin: 0px; padding: 0px; border-style: initial; outline: 0px; vertical-align: baseline; color: #04aed9; font-size: 18px;\">Compensation and Benefits</span></p>\r\n \r\n<p style=\"padding: 0px; border-style: initial; outline: 0px; vertical-align: baseline; margin-block-end: 0px; color: #222222; font-family: Lato, sans-serif; font-size: 15px;\"><span style=\"margin: 0px; padding: 0px; border-style: initial; outline: 0px; vertical-align: baseline; color: #404040; font-size: 16px; text-decoration-line: underline;\">POSITION DETAILS</span></p>\n<p style=\"padding: 0px; border-style: initial; outline: 0px; vertical-align: baseline; margin-block-end: 0px; color: #222222; font-family: Lato, sans-serif; font-size: 15px;\"><span style=\"margin: 0px; padding: 0px; border-style: initial; outline: 0px; vertical-align: baseline; color: #404040; font-size: 16px;\">Structured as a full-time, exempt, and salaried position, this individual will report directly to Christopher Lamm, Director of Software Engineering. Compensation is commensurate with education and experience. Payroll is issued on a semi-monthly basis with salary on the 15th and last day of the month.  </span></p>\r\n \r\n<p style=\"padding: 0px; border-style: initial; outline: 0px; vertical-align: baseline; margin-block-end: 0px; color: #222222; font-family: Lato, sans-serif; font-size: 15px;\"><span style=\"margin: 0px; padding: 0px; border-style: initial; outline: 0px; vertical-align: baseline; color: #404040; font-size: 16px; text-decoration-line: underline;\">BENEFITS AVAILABLE</span></p>\n<p style=\"padding: 0px; border-style: initial; outline: 0px; vertical-align: baseline; margin-block-end: 0px; color: #222222; font-family: Lato, sans-serif; font-size: 15px;\"><span style=\"margin: 0px; padding: 0px; border-style: initial; outline: 0px; vertical-align: baseline; color: #404040; font-size: 16px;\">Group healthcare plans are available. The Art of Education University will contribute 100% for full-time health, dental, and vision, employee-only coverage. Family coverage is available at an additional premium.</span></p>\r\n \r\n<p style=\"padding: 0px; border-style: initial; outline: 0px; vertical-align: baseline; margin-block-end: 0px; color: #222222; font-family: Lato, sans-serif; font-size: 15px;\"><span style=\"margin: 0px; padding: 0px; border-style: initial; outline: 0px; vertical-align: baseline; color: #404040; font-size: 16px;\">The Art of Education University offers participation, upon hire, of a 401K plan with up to a 4% match of employee contributions.</span></p>\r\n \r\n<p style=\"padding: 0px; border-style: initial; outline: 0px; vertical-align: baseline; margin-block-end: 0px; color: #222222; font-family: Lato, sans-serif; font-size: 15px;\"><span style=\"margin: 0px; padding: 0px; border-style: initial; outline: 0px; vertical-align: baseline; color: #404040; font-size: 16px;\">Appropriate and up-to-date technology is provided.</span></p>\r\n \r\n<p style=\"padding: 0px; border-style: initial; outline: 0px; vertical-align: baseline; margin-block-end: 0px; color: #222222; font-family: Lato, sans-serif; font-size: 15px;\"><span style=\"margin: 0px; padding: 0px; border-style: initial; outline: 0px; vertical-align: baseline; color: #404040; font-size: 16px;\">Unlimited self-managed PTO is offered to full-time members of AOEU. Extended vacations must be pre-approved. Flexibility exists so long as responsibilities are fulfilled and careful planning and communication are evident.</span></p>\r\n \r\n<p style=\"padding: 0px; border-style: initial; outline: 0px; vertical-align: baseline; margin-block-end: 0px; color: #222222; font-family: Lato, sans-serif; font-size: 15px;\"><span style=\"margin: 0px; padding: 0px; border-style: initial; outline: 0px; vertical-align: baseline; color: #04aed9; font-size: 18px;\">Timeline</span></p>\r\n \r\n<p style=\"padding: 0px; border-style: initial; outline: 0px; vertical-align: baseline; margin-block-end: 0px; color: #222222; font-family: Lato, sans-serif; font-size: 15px;\"><span style=\"margin: 0px; padding: 0px; border-style: initial; outline: 0px; vertical-align: baseline; color: #404040; font-size: 16px; text-decoration-line: underline;\">THE PROCESS</span></p>\n<p style=\"padding: 0px; border-style: initial; outline: 0px; vertical-align: baseline; margin-block-end: 0px; color: #222222; font-family: Lato, sans-serif; font-size: 15px;\"><span style=\"margin: 0px; padding: 0px; border-style: initial; outline: 0px; vertical-align: baseline; color: #404040; font-size: 16px;\">Persons interested in applying should complete the application form linked below. </span></p>\r\n \r\n<p style=\"padding: 0px; border-style: initial; outline: 0px; vertical-align: baseline; margin-block-end: 0px; color: #222222; font-family: Lato, sans-serif; font-size: 15px;\"><span style=\"margin: 0px; padding: 0px; border-style: initial; outline: 0px; vertical-align: baseline; color: #404040; font-size: 16px;\">Candidates who make it to Round 2 of the Application process will be required to complete a packet for review, prior to their scheduled interview time.</span></p>\r\n \r\n<p style=\"padding: 0px; border-style: initial; outline: 0px; vertical-align: baseline; margin-block-end: 0px; color: #222222; font-family: Lato, sans-serif; font-size: 15px;\"><span style=\"margin: 0px; padding: 0px; border-style: initial; outline: 0px; vertical-align: baseline; color: #404040; font-size: 16px;\">Finalists will have one final interview with a member of the Senior Leadership Team.</span></p>\r\n \r\n<p style=\"padding: 0px; border-style: initial; outline: 0px; vertical-align: baseline; margin-block-end: 0px; color: #222222; font-family: Lato, sans-serif; font-size: 15px;\"><span style=\"margin: 0px; padding: 0px; border-style: initial; outline: 0px; vertical-align: baseline; color: #404040; font-size: 16px;\">The Art of Education University is committed to taking the time to find the right fit for our positions. This process may be more rigorous than you are used to. We have set up several interview steps to make sure this will be mutually beneficial to both our institution and our next new team member. We hope you take this journey with us!</span></p>\r\n \r\n<p style=\"padding: 0px; border-style: initial; outline: 0px; vertical-align: baseline; margin-block-end: 0px; color: #222222; font-family: Lato, sans-serif; font-size: 15px;\"><span style=\"margin: 0px; padding: 0px; border-style: initial; outline: 0px; vertical-align: baseline; font-weight: bold;\"><span style=\"margin: 0px; padding: 0px; border-style: initial; outline: 0px; vertical-align: baseline; color: #04aed9; font-size: 22px;\">How to Apply </span></span><span style=\"margin: 0px; padding: 0px; border-style: initial; outline: 0px; vertical-align: baseline; color: #04aed9; font-size: 22px;\">| This Is Me |</span></p>\n<p style=\"padding: 0px; border-style: initial; outline: 0px; vertical-align: baseline; margin-block-end: 0px; color: #222222; font-family: Lato, sans-serif; font-size: 15px;\"><span style=\"margin: 0px; padding: 0px; border-style: initial; outline: 0px; vertical-align: baseline; color: #404040; font-size: 16px;\">APPLY HERE: https://theartofed.bamboohr.com/jobs/view.php?id=108</span></p><span style=\"margin: 0px; padding: 0px; border-style: initial; outline: 0px; vertical-align: baseline; color: #404040; font-size: 16px;\"><br></span>\n','2021-08-16 22:47:07','IA','The Art of Education University','https://remotive.io/job/535038/logo','remotive.io','2021-09-15 04:30:03','2021-09-15 04:30:03'),(9,'Lead Backend PHP Developer (m/f/d)','https://remotive.io/remote-jobs/software-dev/lead-backend-php-developer-m-f-d-834014','<div class=\"h3\">Job Description</div>\n<p>We are currently looking for a skilled &amp; passionate <strong>Lead Backend PHP Developer (m/f/d)</strong> to become part of and direct one of our Tech Units onsite in Hamburg or <strong>remote</strong> within Germany! </p>\n<p>Our Tech Department is the heart of <strong>ABOUT YOU</strong>, driven by the passion to develop the best infrastructure &amp; tech applications. As our <strong>Lead Backend PHP Developer</strong>, you will direct a team of 5 to 7 developers in collaboration with the product manager. With your deep understanding of building digital products and software development, you will constantly optimize our complex applications in consideration of all requirements and stakeholders.</p>\n<p>Contribute to one of the fastest-growing eCommerce infrastructures in Europe and become part of ABOUT YOU as a <strong>Lead Backend PHP Developer</strong>!</p>\n<p> </p>\n<p><strong>What you will do</strong></p>\n<ul>\n<li>Build complex &amp; high scalable technical solutions in close cooperation with the Tech Lead and the Product Lead as well as the product manager</li>\n<li>Draft architectural decisions and ensure reliable and state-of-the-art products</li>\n<li>Lead a world-class team of engineers and collaborate with product managers, QA’s, and with designers to ship new components and features</li>\n<li>Work within a dynamic &amp; international environment with an agile working culture using methodologies such as SCRUM or Kanban</li>\n<li>Work in an agile &amp; international team with flat hierarchies and very short decision-making process</li>\n</ul>\n<p> </p>\n<p><strong>Who you are</strong></p>\n<ul>\n<li>You have 5+ years of experience in developing high-scalable software products in PHP7</li>\n<li>You are proficient in Laravel or Symfony and have a deep understanding of the basics</li>\n<li>You feel comfortable with people management topics and have worked in a leading role in a fast-changing environment before</li>\n<li>You write well-structured, efficient and maintainable code and actively keep the quality of the codebase in check</li>\n<li>You have excellent analytical and problem-solving skills</li>\n<li>You are used to working in an English-speaking environment</li>\n</ul>\n<p> </p>\n<p><strong>Benefits</strong></p>\n<ul>\n<li>Grow together with one of the fastest growing eCommerce companies in Europe</li>\n<li>Flexible working times</li>\n<li>40% discount on our online shop</li>\n<li>Fresh fruits + drinks everywhere</li>\n<li>Language courses (German &amp; English)</li>\n<li>Free sports courses &amp; reduced price for gym membership</li>\n<li>Subsidized public transportation ticket</li>\n<li>Free choice of hardware and operating system (Mac, Windows, Linux) also for private usage</li>\n<li>State-of-the-art tech stack running on AWS</li>\n<li>Modern office in the city center of Hamburg</li>\n<li>International working environment and English as company language</li>\n<li>Company flats (subject to availability)</li>\n<li>Agile work environment (<a href=\"https://corporate.aboutyou.de/de/move#hero\" rel=\"nofollow\">MOVE</a>) and cross-functional teams</li>\n<li>Free access to Germany’s greatest developer conference <a href=\"https://www.codetalks.de/\" rel=\"nofollow\">code.talks</a></li>\n<li>Company pension scheme</li>\n<li>Help in relocation and VISA process</li>\n</ul>\n<p>*Please find free fruits, drinks and coffee in our lovely Hamburg Office / HQ</p>\n<p><strong>YOU ARE THE CORE OF ABOUT YOU. </strong><br>We take responsibility for creating an inclusive and exceptional environment where all genders, nationalities and ethnicities feel welcomed and accepted exactly as they are. We believe that a diverse workforce essentially contributes to the ABOUT YOU culture. In order to maintain talent and diversity, we emphasize the care for physical health, mental health and overall well-being. Our values and work ethics essentially contribute to our brand mission: empower acceptance and shape an inclusive, fair and circular fashion culture.<br> </p>\n<p>We are looking forward to receiving your application – preferably via our online application portal! Thus, we can ensure a faster process and for you it is very easy to upload your application documents.</p>\n<div class=\"h3\"> </div>\n','2021-08-14 22:43:52','Germany Only','ABOUT YOU GmbH & Co. KG','','remotive.io','2021-09-15 04:30:03','2021-09-15 04:30:03'),(10,'Lead Full Stack Developer (m/f/d)','https://remotive.io/remote-jobs/software-dev/lead-full-stack-developer-m-f-d-834082','<div class=\"h3\">Job Description</div>\n<p>We are currently looking for a skilled &amp; passionate <strong>Lead Full Stack Developer</strong> <strong>(m/f/d)</strong> to become part of and direct one of our Tech Units onsite in Hamburg or <strong>remote</strong> within Germany! </p>\n<p>Our Tech Department is the heart of <strong>ABOUT YOU</strong>, driven by the passion to develop the best infrastructure &amp; tech applications. As our <strong>Lead Full Stack Developer</strong>, you will direct a team of 5 to 7 developers in collaboration with the product manager. With your deep understanding of building digital products and software development, you will constantly optimize our complex applications in consideration of all requirements and stakeholders.</p>\n<p>Contribute to one of the fastest-growing eCommerce infrastructures in Europe and become part of ABOUT YOU as a <strong>Lead Full Stack Developer</strong>!</p>\n<p> </p>\n<p><strong>What you will do</strong></p>\n<ul>\n<li>Build complex &amp; high scalable technical solutions in close cooperation with our Tech Lead and the Product Lead as well as the product manager</li>\n<li>Draft architectural decisions and ensure reliable and state-of-the-art products</li>\n<li>Lead a world-class team of engineers and collaborate with product managers, QA’s, and collaborate with designers to ship new components and features</li>\n<li>Work within a dynamic &amp; international environment with an agile working culture using methodologies such as SCRUM or Kanban</li>\n<li>Work in an agile &amp; international team with flat hierarchies and very short decision-making process</li>\n</ul>\n<p> </p>\n<p><strong>Who you are</strong></p>\n<ul>\n<li>You have 5+ years of experience in developing high-scalable software products with PHP (Laravel or Symfony framework) and JavaScript (preferably Vue.js or React.js)</li>\n<li>You are proficient in building  complex and beautiful products which are able to handle the requests by millions of users</li>\n<li>You feel comfortable with people management topics and have worked in a leading role in a fast-changing environment before</li>\n<li>You have a very good technical understanding of RESTful APIs</li>\n<li>You write well-structured, efficient and maintainable code and actively keep the quality of the codebase in check</li>\n<li>You have excellent analytical and problem-solving skills</li>\n<li>You are used to working in an English-speaking environment</li>\n</ul>\n<p> </p>\n<p><strong>Benefits</strong></p>\n<ul>\n<li>Grow together with one of the fastest-growing eCommerce companies in Europe</li>\n<li>Flexible working times</li>\n<li>40% discount on our online shop</li>\n<li>Fresh fruits + drinks everywhere</li>\n<li>Language courses (German &amp; English)</li>\n<li>Free sports courses &amp; reduced price for gym membership</li>\n<li>Subsidized public transportation ticket</li>\n<li>Free choice of hardware and operating system (Mac, Windows, Linux) also for private usage</li>\n<li>State-of-the-art tech stack running on AWS</li>\n<li>Modern office in the city center of Hamburg</li>\n<li>International working environment and English as company language</li>\n<li>Company flats (subject to availability)</li>\n<li>Agile work environment (<a href=\"https://corporate.aboutyou.de/de/move#hero\" rel=\"nofollow\">MOVE</a>) and cross-functional teams</li>\n<li>Free access to Germany’s greatest developer conference <a href=\"https://www.codetalks.de/\" rel=\"nofollow\">code.talks</a></li>\n<li>Company pension scheme</li>\n<li>Help in relocation and VISA process</li>\n</ul>\n<p>*Please find free fruits, drinks and coffee in our lovely Hamburg Office / HQ<br> </p>\n<p><strong>YOU ARE THE CORE OF ABOUT YOU. </strong><br>We take responsibility for creating an inclusive and exceptional environment where all genders, nationalities and ethnicities feel welcomed and accepted exactly as they are. We believe that a diverse workforce essentially contributes to the ABOUT YOU culture. In order to maintain talent and diversity, we emphasize the care for physical health, mental health and overall well-being. Our values and work ethics essentially contribute to our brand mission: empower acceptance and shape an inclusive, fair and circular fashion culture.</p>\n<p> </p>\n<p>We are looking forward to receiving your application – preferably via our online application portal! Thus, we can ensure a faster process and for you it is very easy to upload your application documents.</p>\n<div class=\"h3\"> </div>\n','2021-08-14 22:43:49','Germany Only','ABOUT YOU GmbH & Co. KG','','remotive.io','2021-09-15 04:30:03','2021-09-15 04:30:03'),(11,'Full Stack Developer (m/f/d)','https://remotive.io/remote-jobs/software-dev/full-stack-developer-m-f-d-834080','<div class=\"h3\">Job Description</div>\n<p>We are currently looking for a skilled &amp; passionate<strong> Full Stack Developer (m/f/d) </strong>to become part of one of our Tech Teams onsite in Hamburg or <strong>remote</strong> within Germany!</p>\n<p>All developers at <strong>ABOUT YOU</strong> are driven by the love of creating outstanding user experiences across our high-scalable applications. Your work will impact the future of how eCommerce is experienced by millions of customers. As a Full Stack Developer, you will be responsible for contributing to the application architecture and doing intensive, design-orientated development on both Frontend and Backend code.</p>\n<p> </p>\n<p>Leap to the next level in your career by building game-changing eCommerce Software and Shop.</p>\n<p> </p>\n<p><strong>What you will do</strong></p>\n<ul>\n<li>Build high traffic web applications with PHP (Laravel, Symfony) and JavaScript (Vue, React)</li>\n<li>Engage in decisions ranging from UX Design to Backend architecture together with the Tech Lead and explore new technologies</li>\n<li>Build internal &amp; external RESTful API as well as beautiful user interfaces</li>\n<li>Work with agile processes that are adapted to the team’s and project’s needs</li>\n<li>Exchange your knowledge with other developers and be part of our ABOUT YOU TECH community</li>\n</ul>\n<p><br><br><strong>Who you are</strong></p>\n<ul>\n<li>Very good &amp; MVP-focused coding skills in PHP (Laravel/Symfony) minimum of 2 years</li>\n<li>Practical &amp; recent experience with JS Frameworks like Vue, React or React Native</li>\n<li>Good background in building complex and beautiful products which are able to handle the requests by millions of users</li>\n<li>Good technical understanding of RESTful API’s</li>\n<li>Passionate about writing well-structured, efficient and maintainable code, actively keeping the quality of the code base in check</li>\n<li>Used to work in an English speaking environment</li>\n</ul>\n<p> </p>\n<p><strong>Benefits</strong></p>\n<ul>\n<li>Grow together with one of the fastest-growing eCommerce companies in Europe</li>\n<li>Flexible working times</li>\n<li>40% discount on our online shop</li>\n<li>Fresh fruits + drinks everywhere</li>\n<li>Language courses (German &amp; English)</li>\n<li>Free sports courses &amp; reduced price for a gym membership</li>\n<li>Subsidized public transportation ticket</li>\n<li>Free choice of hardware and operating system (Mac, Windows, Linux) also for private usage</li>\n<li>State-of-the-art tech stack running on AWS</li>\n<li>Modern office in the city center of Hamburg</li>\n<li>International working environment and English as company language</li>\n<li>Company flats (subject to availability)</li>\n<li>Agile work environment (MOVE) and cross-functional teams</li>\n<li>Free access to Germany’s greatest developer conference code.talks</li>\n<li>Help in relocation and VISA process</li>\n</ul>\n<p>*Please find free fruits, drinks and coffee in our lovely Hamburg Office / HQ<br> </p>\n<p> </p>\n<p><strong>YOU ARE THE CORE OF ABOUT YOU. </strong><br>We take responsibility for creating an inclusive and exceptional environment where all genders, nationalities and ethnicities feel welcomed and accepted exactly as they are. We believe that a diverse workforce essentially contributes to the ABOUT YOU culture. In order to maintain talent and diversity, we emphasize the care for physical health, mental health and overall well-being. Our values and work ethics essentially contribute to our brand mission: empower acceptance and shape an inclusive, fair and circular fashion culture.</p>\n<p> </p>\n<p>We are looking forward to receiving your application – preferably via our online application portal! Thus, we can ensure a faster process and for you it is very easy to upload your application documents. :)</p>\n<div class=\"h3\"> </div>\n','2021-08-14 22:43:47','Germany Only','ABOUT YOU GmbH & Co. KG','','remotive.io','2021-09-15 04:30:03','2021-09-15 04:30:03'),(12,'Back-end PHP Software Engineer','https://remotive.io/remote-jobs/software-dev/back-end-php-software-engineer-730287','<p>We are looking to add a Back-end PHP Software Engineer to our growing Engineering department:</p>\n<p><strong>As a Back-end Software Engineer you have the ability to:</strong></p>\n<ul>\n<li>Work independently and with other engineers to develop new user experience-focused web applications, and provide support for existing systems.</li>\n<li>Work on multiple parts of a web application, from internal backend APIs to dynamic frontend interfaces, with a focus on the former</li>\n<li>Collaborate with designers, front-end specialists, other engineers, stakeholders, and clients to understand business goals, analyze requirements, formulate solutions, and ensure the successful execution and delivery of the end product using the best technologies.</li>\n<li>Assist in scoping, estimating, and planning of projects.</li>\n<li>Participate in code review, pairing, and other forms of knowledge sharing.</li>\n<li>Support of production applications may be required on some projects.</li>\n<li>Mentoring and helping others grow and make an impact</li>\n</ul>\n<p><strong>Requirements</strong></p>\n<ul>\n<li>Preferably located in a U.S Eastern/Central time zone, or be able to work standard U.S Eastern hours daily</li>\n<li><strong>5+ years experience</strong> PHP, Laravel, and MySQL</li>\n<li><strong>5+ years of experience</strong> running past applications in production, ideally with several thousands of users.</li>\n<li>An excellent \"system intuition\". We have many complex systems which require a strong ability to debug and quickly understand what is going on.</li>\n<li>Understanding of best practices for web development, software design, and DevOps principles.</li>\n<li>You value code quality and maintainability.</li>\n</ul>\n<p> </p>\n<div class=\"h3\">Bonus points for:</div>\n<ul>\n<li>Previous remote working experience</li>\n<li>Experience with ReactJS, Redux, React Native, native Android or iOS development</li>\n<li>Experience with Salesforce APIs and other back-end third party APIs</li>\n<li>Previous role as a team leader</li>\n<li>Working on web applications that process large volumes of data and/or receive high volumes of traffic</li>\n<li>Real-time data processing</li>\n</ul>\n<p> </p>\n<div class=\"h3\">About Us</div>\n<p>FormAssembly is a 100% remote SaaS company dedicated to helping customers streamline organizational processes and be better stewards of their data and we are looking for key individuals to join our rapidly growing team.</p>\n<p>Customers like Amazon, PayPal, New York City, Harvard, and thousands of other organizations worldwide rely on FormAssembly to capture the data they need quickly and securely. We have been recognized in the <a class=\"external\" href=\"https://www.formassembly.com/blog/formassembly-inc-5000-2020/\" rel=\"nofollow\">2020 Inc. 5000 list of fastest growing private companies</a>, and we are a <a class=\"external\" href=\"https://www.g2.com/products/formassembly/reviews\" rel=\"nofollow\">G2 Crowd Winter 2021 Leader.</a></p>\n<p>We\'re intelligent, adaptive, and growing rapidly - thanks to our impressive roster of customers.</p>\n<p>Here are some links to give you a peek into what it\'s like to work at FormAssembly:</p>\n<ul>\n<li>Meet <a class=\"external\" href=\"https://www.formassembly.com/team\" rel=\"nofollow\">our awesome team.</a></li>\n<li>Learn <a class=\"external\" href=\"https://www.formassembly.com/blog/remote-jobs/\" rel=\"nofollow\">how and why we work remotely</a>.</li>\n</ul>\n<p>If you’re a genuinely nice person who is great to work with, respectful, and who will put the team and our customers first, we’d be thrilled to have you apply for this position. FormAssembly is an equal opportunity employer. If you belong to an under-represented group in Tech, you’ll find a welcoming culture that thrives on diversity.</p>\n<p><em>This is a full-time position, open to all locations (working remotely, from home).</em></p>\n<p><strong>Benefits</strong></p>\n<p>FormAssembly is a completely distributed team. We thrive through digital communication, and work to connect numerous times a day. Our culture is unique, read more about it here. Some of our benefits include:</p>\n<ul>\n<li>Health benefits (health, dental, vision) for team members <strong>based in the United States</strong></li>\n<li>401(k) with 4% company match for team members <strong>based in the United States</strong></li>\n<li>4 weeks paid vacation and 9 company holidays</li>\n<li>Flexible work schedule</li>\n<li>Paid parental leave</li>\n<li>Charitable contribution match</li>\n<li>Budget for professional development</li>\n<li>Company provided Mac laptop</li>\n</ul>\n<p>You\'ll be joining our amazing, talented, and fully remote family and helping us help our users be good stewards of the data entrusted to them.</p>\n','2021-07-24 22:40:28','USA Only','FormAssembly','','remotive.io','2021-09-15 04:30:03','2021-09-15 04:30:03'),(13,'DevOps Engineer','https://remotive.io/remote-jobs/devops/devops-engineer-735370','<p><strong>We are currently prioritizing candidates interested in our 3rd shift (2am-10am MST/GMT-7). International candidates are also welcome to apply.</strong></p>\n<p>Current openings are for Junior- to Mid-level DevOps Engineers. Starting annual salary range is $50,000-85,000 USD depending on your experience level. This is a great opportunity for a technical support engineer to move into an operations and developer role.</p>\n<p><strong>DevOps at Pagely</strong> builds and maintains the infrastructure powering our Managed WordPress Hosting Platform. By providing coverage across 3 shifts, our international team of DevOps Engineers helps our customers sleep more soundly knowing their sites are in good hands. Using many of the available services on <strong>Amazon Web Services</strong>, languages such as <strong>PHP, Lua, and Python, </strong>and tools like<strong> Ansible </strong>and<strong> Terraform</strong>, we\'re always working to improve an already-great platform that many global brands and companies consider to be the only viable home for their mission-critical web properties.</p>\n<p>Being a DevOps Engineer at Pagely is not just a glorified sysadmin gig. We empower each member of the team to take on recurring problems and solve them instead of settling for the status quo. Responsibilities rotate between handling incoming alerts, fielding the more complex support tickets for our clients, and working on various projects to improve efficiency, monitoring, performance, and features.</p>\n<p>The ideal candidate is someone who feels at home in an SSH terminal or with an API, but also enjoys interacting directly with customers via our online helpdesk and over Slack. Contributing to and refining our documentation is a routine part of our processes. As a remote team, we are brought together by tools and automation that help us all collaborate asynchronously.</p>\n<p>Naturally, working with <strong>WordPress</strong> is a major part of the job, but there are many underlying technologies and supporting systems you\'ll gain experience with as part of your day-to-day work. Experience with <strong>Ubuntu Linux, Laravel, NGINX, PHP-FPM, Docker, Redis, MySQL, Apache, ElasticSearch, Jenkins, InfluxDB</strong> — just to name a few — will give you an advantage in getting up to speed. But, we\'re a team with diverse talents. If you aren\'t super familiar with everything listed here, that\'s okay too.</p>\n<p><strong>Our goal at Pagely is to be an inclusive and welcoming environment for everyone. The merit of your work and the content of your character win the day. #EEO</strong></p>\n','2021-07-22 18:41:55','Anywhere','Pagely','','remotive.io','2021-09-15 04:30:03','2021-09-15 04:30:03'),(14,'Backend Developer','https://remotive.io/remote-jobs/software-dev/backend-developer-795182','<p>We are looking for an experienced Backend Developer to join our product team. You will be responsible for the server side of our web applications. If you have excellent programming skills and an interest for designing &amp; developing REST APIs, we would like to meet you. As a Backend Developer, you’ll work closely with our engineers to ensure system consistency and improve user experience. Ultimately, you will report to the CTO and should be able to develop and maintain fast, functional &amp; stable REST APIs to meet the platform\'s needs.</p>\n<p><strong>Location:</strong> San Francisco, CA OR Remote (anywhere in the world)<br><strong>Type:</strong> Full-Time</p>\n<p><strong>Requirements</strong></p>\n<ul>\n<li>1-3 years of experience as a Backend Developer</li>\n<li>Advanced level of expertise designing, implementing &amp; documenting REST APIs</li>\n<li>Well versed in data structure optimization for fast API response</li>\n<li>Prior experience working with Python-based API Frameworks. \"FastAPI\" framework experience preferred</li>\n<li>Prior experience working with key-value based NoSQL database solutions like GCloud Datastore, Redis</li>\n</ul>\n<p><strong>Optional</strong></p>\n<ul>\n<li>Prior experience with MVC frameworks (e.g. Laravel)</li>\n<li>Prior experience in a product management or equivalent role</li>\n<li>Prior experience in optimizing python3-based applications by incorporating concepts of concurrency &amp; memory management.</li>\n<li>Experience working with technologies like Websockets, TaskQueues (eg: Celery for Python) is preferred.</li>\n<li>Prior DevOps experience with technologies below preferred:\n<ul>\n<li>Docker</li>\n<li>Kubernetes</li>\n<li>Google Cloud</li>\n<li>Terraform</li>\n</ul>\n</li>\n</ul>\n<p><strong>Benefits</strong></p>\n<ul>\n<li>Health Care Plan</li>\n<li>Paid Time Off (Vacation, Sick &amp; Public Holidays)</li>\n<li>Work Equipment</li>\n<li>Company Swag Box</li>\n<li>Stock Option Plan</li>\n<li>Training &amp; Development</li>\n</ul>\n','2021-07-20 22:49:30','Anywhere','Obviously AI','','remotive.io','2021-09-15 04:30:03','2021-09-15 04:30:03'),(15,'Senior Product Manager','https://remotive.io/remote-jobs/product/senior-product-manager-787918','<p><strong>Company Summary</strong></p>\n<p>Relocity is a B2B2C SaaS + service model, disrupting the destination services space. We deliver high-touch destination services by connecting relocating employees with a local, on-demand personal concierge via mobile technology. Our approach has proven highly effective and is valued by Fortune 500 and top tech companies in cities in the U.S., as well as Europe and Asia.</p>\n<p><strong>Job Summary</strong></p>\n<p>As a Senior Product Manager you will support the Technology team in developing the Relocity Platform. You will play a key role in defining and building products within the engineering department. You will analyze data, liaise between departments, and drive product success.</p>\n<p><strong>Essential Duties and Responsibilities</strong> include the following. Other duties may be assigned.</p>\n<ul>\n<li>Partner closely with the CTO to help manage, plan, drive track production</li>\n<li>Solve critical problems for our customers</li>\n<li>Align product strategies across teams, driving experimentation, and deliver products to market</li>\n<li>Understand and refine ambiguous needs into an effective product roadmap</li>\n</ul>\n<p><strong>Qualifications</strong></p>\n<ul>\n<li>7+ years of software product management experience</li>\n<li>Experience delivering tech programs or products from inception to delivery</li>\n<li>Extensive experience developing short and long term plans</li>\n<li>Experience developing and launching systems and tools that directly impact customer experience</li>\n<li>Must be a collaborative team player, possess a strong customer service orientation, and be a consultative problem solver</li>\n<li>Be able to communicate at all levels in the company and to support business development and change</li>\n<li>Ability to thrive in a fast-paced and constantly evolving environment</li>\n</ul>\n<p><strong>Education and/or Technology Requirement</strong></p>\n<ul>\n<li>Bachelor’s degree Computer Science or a related technical discipline, or equivalent experience</li>\n<li>Understand relevant technologies (PHP, MySQL, Laravel, Vue) and architectures to properly support these projects.</li>\n<li>Scrum Master is a plus</li>\n</ul>\n<p><strong>Company Benefits</strong></p>\n<ul>\n<li>Competitive salary</li>\n<li>Paid Time Off</li>\n<li>Health, Dental, Vision, LTD Insurance</li>\n<li>401k</li>\n<li>Remote workplace</li>\n</ul>\n<p> </p>\n<p><em>Relocity proudly contributes a portion of all revenue to Not for Sale, an international non-profit organization based out of San Francisco, California that works to protect people and communities around the world from human trafficking and modern-day slavery.</em></p>\n<p><em><a href=\"%22https:/www.notforsalecampaign.org/about-us/%22\" rel=\"nofollow\" target=\'\"_blank\"\'>https://www.notforsalecampaign.org/about-us/</a></em></p>\n<p><em>Relocity is an Equal Opportunity Employer and does not discriminate against any applicant on the basis of race, color, religion/creed, national origin, gender, or sex, marital status, age, disability, use of a guide dog or service animal, sexual orientation, military/veteran status, or any other status protected by Federal or State law or local ordinance. Relocity will only employ those who are legally authorized to work. Any offer of employment is conditioned on the successful completion of a background investigation, credit check and drug test.</em></p>\n<div>#LI-PC1</div>\n','2021-07-19 02:40:38','USA Only','Relocity','','remotive.io','2021-09-15 04:30:03','2021-09-15 04:30:03'),(16,'Digital Project Manager','https://remotive.io/remote-jobs/all-others/digital-project-manager-754108','<p>Accorin is a full-service ecommerce agency that crafts captivating e-commerce websites for B2B and B2C clients of all shapes and sizes, from sophisticated start-ups to large enterprises. With a technical mastery of the most popular platforms on the market —like Magento, Shopify, and BigCommerce— and a command of all things creative, Accorin has the expertise to help clients build, grow, and transform their brand’s e-commerce approach</p>\n<p>As we are growing quickly, Accorin is looking for a digital project manager with a strong background in the ecommerce space to join our team. The chosen candidate will be responsible for managing select ongoing maintenance and evolution projects, along with taking on new clients and projects. As PM you will ensure projects are delivered on time and within budget. This is a remote based, contractor position. Accorin prides itself on its exceptional client services. Above all else, we are looking for a project manager who is:</p>\n<ul>\n<li>A team leader</li>\n<li>Proactive and responsive</li>\n<li>An excellent communicator</li>\n</ul>\n<p> </p>\n<p><strong>Key Responsibilities:</strong></p>\n<ul>\n<li>Ensure the full scope of the tasked project is delivered at a world class level.</li>\n</ul>\n<p>Identify external and internal requests that fall outside the approved scope of the project.</p>\n<ul>\n<li>Ensure the project budgets are attentively managed and maintained.</li>\n</ul>\n<p>Budget status will be communicated to the client at regularly scheduled meetings over the course of the project.</p>\n<ul>\n<li>Ensure the project schedules are attentively managed and maintained.</li>\n</ul>\n<p>Schedule status will be communicated to the client at regularly scheduled meetings over the course of the project.</p>\n<ul>\n<li>You will lead and guide the team of developers, designers and QA engineers from the start of the project lifecycle to the end.</li>\n</ul>\n<p>Set expectations for the team members. They should be 100% clear with regard to ownership and timing of deliverables.</p>\n<ul>\n<li>You will be expected to manage the client relationship over the course of the project.</li>\n</ul>\n<p>Be attentive to what the client is communicating and set expectations for the client.</p>\n<p> </p>\n<p><strong>Activities: </strong></p>\n<ul>\n<li>Project Kickoffs</li>\n<li>Setup New Projects and Associated Tools</li>\n<li>Manage Time Tracking</li>\n<li>Budget Management</li>\n<li>Estimating and Resourcing</li>\n<li>Schedule Generation and Management</li>\n<li>Issue and Task Management</li>\n<li>Meeting Management</li>\n<li>Status Updates</li>\n<li>Deliverable Reviews and Approvals</li>\n<li>Report to the Director of Project Management</li>\n</ul>\n<p><strong>Requirements</strong></p>\n<ul>\n<li>Minimum of 2 years of project management experience</li>\n<li>Experience in client management, presenting project updates to clients and managing expectations.</li>\n<li>Have previously worked on one or more of the following ecommerce platforms:</li>\n</ul>\n<p>Magento</p>\n<p>Shopify</p>\n<p>Big Commerce</p>\n<p>Laravel</p>\n<ul>\n<li>History of managing e commerce projects through the full lifecycle with a record of success</li>\n<li>Understanding of project management elementals and theory</li>\n</ul>\n<p>Agile and waterfall methodologies</p>\n<p>Sprint planning</p>\n<ul>\n<li>High level understanding of ecommerce related fields and processes including</li>\n</ul>\n<p>UI/UX principles</p>\n<p>Payment gateways</p>\n<p>Shipping and taxes</p>\n<p>Security protocols</p>\n<ul>\n<li>Preferably experience working with and managing offshore based development teams</li>\n</ul>\n<p> </p>\n','2021-07-07 18:39:49','USA Only','Wasserman','','remotive.io','2021-09-15 04:30:03','2021-09-15 04:30:03'),(17,'Senior Backend Developer','https://remotive.io/remote-jobs/software-dev/senior-backend-developer-767497','<p><strong>THE COMPANY</strong></p>\n<p><strong>Barkyn is improving the lives of pet families around the world with new magical e-commerce experience. </strong>We developed a platform that delivers health and happiness products and services in a comfortable and personalized way. Currently specialized in dogs, we provide subscription plans that include food, goodies, treats and a dedicated online vet.</p>\n<p> </p>\n<p>This way, <strong>we’re not only changing the pet market, but we’re also reshaping the way the e-commerce experience should feel</strong> - human, personalized, seamless &amp; beautiful. We\'re one of the 8 startups selected to Google\'s Growth Program (Madrid) and recently highlighted by Wired as one of Europe\'s 100 Top Startups.<br><br></p>\n<p><strong>THE ROLE</strong><strong><br></strong></p>\n<p>As Barkyn\'s Backend Developer, you will <strong>build product features strategically linked to customer increase, retention and satisfaction</strong>. You will also maintain our services platform and backend applications, as well as contribute to the seamless execution of our tech roadmap.</p>\n<p>Specifically, we expect you to:</p>\n<ul>\n<li>Develop web-scale applications delivering features for our marketplace</li>\n<li>Develop software applications for an e-commerce growing company</li>\n<li>Stay up to speed with backend technologies, software architecture principles and design patterns</li>\n<li>Have knowledge about performance, resilience and security</li>\n<li>Have an understanding of the full development lifecycle with an emphasis on software quality processes</li>\n<li>Work in an Agile environment, focusing on delivery/commitment and continuous improvement</li>\n</ul>\n<p><strong>MANDATORY</strong></p>\n<ul>\n<li>Experienced in object-oriented languages</li>\n<li>Proficient in using the Laravel, REST and TDD</li>\n<li>Experienced in MySQL database</li>\n<li>Experienced in working with Scrum or Kanban methodologies is a plus</li>\n<li>An excellent team worker and with communication skills</li>\n<li>Skilled in problem-solving and with a proactive attitude</li>\n<li>Fluent in English (spoken and written)</li>\n</ul>\n<p><strong> </strong></p>\n<p><strong>BROWNIE POINTS</strong></p>\n<ul>\n<li>Experience in a startup or B2C company</li>\n<li>Be a dog owner</li>\n</ul>\n<p> </p>\n<p><strong>LOCATION<br></strong>This is a 100% remote position and at this stage we are only considering people based in Portugal.</p>\n','2021-07-06 22:39:47','Portugal','Barkyn','','remotive.io','2021-09-15 04:30:03','2021-09-15 04:30:03'),(18,'PHP Backend Developer','https://remotive.io/remote-jobs/software-dev/php-backend-developer-743528','<p>\"Real estate\" and \"technology\". Sounds like an oxymoron right? Not anymore!<br><br>At IngeniousIO, we’ve cracked the code and built a world-class platform for companies of all sizes within the AECO industry across the globe, enabling them to simply and effortlessly manage all aspects of their projects--from inception to completion, and both internally and in conjunction with the other project participants.<br><br>Our mission is straightforward: to eliminate the internal and external fragmentation rampant within the $10,000,000,000 AECO industry.</p>\n<p>Our vision is to create an environment where commercial construction and associated real estate projects are managed transparently and efficiently by <em><strong><em>all</em></strong></em> players in the process by combining unencumbered access to data with intelligent design… all in one, universal system.<br><br><em><strong><em>Think about what you could do here</em></strong></em>… At IngeniousIO, you’ll be participating in one of the most exciting and unparalleled journeys of your career--a journey to pioneer the first cloud application to manage the entire lifecycle of a real estate project. In short, you’ll be building what some have claimed is the holy grail of project management. It’s big stuff. And if you’ve got what it takes, you’ll be directly involved in its development. The rest, as they say, will be history…<br><br>But we really mean <em><em><strong>you need to have what it takes</strong></em></em>. We are unabashedly and unapologetically a scalable start-up, not a small company, and there is a big difference. Working in a start-up isn’t for everybody--in fact, it’s actually a good fit for a very small, special (crazy?) group of people; you need to understand and embrace the start-up mentality if you’re going to thrive here. Put simply, this job is <em><strong><em>not</em></strong></em> for you if:<br><br></p>\n<ul>\n<li>You’re looking for a gold watch</li>\n<li>You get queasy with constant change</li>\n<li>You don’t do messy</li>\n<li>You’re uncomfortable being uncomfortable</li>\n<li>Learning on the fly isn’t your jam</li>\n<li>You fear failure</li>\n<li>Being challenged tires you</li>\n<li>You’re driven primarily by your paycheck</li>\n<li>You prefer “built” to “building”</li>\n<li>You require process and structure to thrive</li>\n</ul>\n<p>That being said, if you’re among that small minority that looks things like that in the eye and yells “give me another helping, please”... well, you might have what we’re looking for and you should read on...</p>\n<p><strong>Requirements</strong></p>\n<p>We are looking for a talented PHP Backend Developer to join our remote team. If you have top-notch programming skills and a deep-rooted passion for developing applications or improving existing ones--plus you like to solve problems--we would like to meet you. As a backend developer, you’ll work closely within a small team in SCRUM (but in conjunction with other dev teams) to ensure system consistency and improve user experience.</p>\n<p>What is vital, however, is that you have, and demonstrate, a burning desire to constantly learn new things and to be proactive in your development efforts.<br><br></p>\n<p><strong>Responsibilities</strong></p>\n<ul>\n<li>Develop new modules on stable codebase.</li>\n<li>Step out and suggest best-development solutions.</li>\n<li>Refactor, optimize, and improve the existing codebase for maintenance and scale.</li>\n<li>Collaborate with frontend developers to integrate user-facing elements with server-side logic.</li>\n<li>Build reusable code and modules for future use.<br><br><br></li>\n</ul>\n<p><strong>Skills &amp; Experience</strong></p>\n<ul>\n<li>Analytical skills</li>\n<li>Teamwork skills with a problem-solving attitude.</li>\n<li>Experience with all aspects of web development, including HTML5, CSS3 &amp; PHP, Sass, Twig, and Javascript.</li>\n<li>Proven track record in building IT systems.</li>\n<li>Experience with REST API.</li>\n<li>Working knowledge of PHP frameworks such as Laravel.</li>\n<li>Experience with building restful JSON web services.</li>\n<li>User authentication and authorization between multiple systems, servers, and environments.</li>\n<li>Experience with MySQL and MongoDB.</li>\n<li>Experience with building large scale SaaS apps like CRM, CMS, and ERP.</li>\n<li>GIT.</li>\n<li>Docker.</li>\n<li>General knowledge of sockets (Swoole).</li>\n<li>English min. B2</li>\n</ul>\n<p> </p>\n<p><strong>Benefits</strong></p>\n<ul>\n<li>15000 - 19000 PLN / monthly/ B2B (invoice without VAT)</li>\n<li>Stock options</li>\n<li>Long-term cooperation that gives stabilization</li>\n<li>Hardware</li>\n<li>A B2B contract that allows you to use IPBox</li>\n</ul>\n','2021-06-25 22:39:39','Poland only','IngeniousIO','','remotive.io','2021-09-15 04:30:03','2021-09-15 04:30:03'),(19,'Senior Backend Developer PHP API','https://remoteOK.io/remote-jobs/105933-remote-senior-backend-developer-php-api-flightradar24','Flightradar24 is looking for a PHP Backend Developer who is experienced with PHP web backend code and modern REST API development. You will play an important role in developing both the Flightradar24 website and API services, and your work will improve the experience of millions of users every day.\n\n**What youâll do**\n\n* Collaborate with a small team of developers and product owners on developing features for the Flightradar24 API services and websites\n* Deliver modern, testable and maintainable code using modern PHP7 (and soon PHP8), frameworks, and DevOps technologies\n* Be a lead contributor in the development of new API services\n* Participate in knowledge sharing and mentoring for other developers in your team\n\n**Who you are**\n\n* Extensive experience with modern REST API and web development in PHP7, preferably using frameworks such as Slim, Lumen, Laravel, and/or Symfony\n* Experience with development of APIs based on OpenAPI 3.x.\n* Strong plus for experience with design-first API approaches, with the OpenAPI specification as \"single source of truth\" to generate documentation, client SDKs, tests, and mock implementations\n* Natural focus on high standards and quality, automated testing, unit tests, and CI/CD practices\n* Experience with high-performance web delivery, caching, DevOps practices, and cloud operations (AWS, and specifically their API Gateway)\n* Strong written and spoken English\n\n*Note that this is a fully remote position, but we would like you be located within a 3-hour time difference from Central European Time (CET/CEST) to align your working hours with the rest of the team.*\n\n**About Flightradar24**\n\nWith over 2 million daily users, Flightradar24 is the worldâs most popular flight tracking service and our apps regularly top the App Store and Google Play charts. We also offer a wide range of commercial services and customers include many of the largest names in aviation. \n\nWe\'re constantly adding new services and improving existing products. To help us meet those challenges, we\'re looking for creative, collaborative and tech-savvy applicants to join us. ','2021-09-10 10:16:07','CET/CEST +/â 3 hours','Flightradar24','https://remoteOK.io/assets/jobs/9d9fd320df4c4bc3942ba8fb878f41481631268967.png','remoteok.com','2021-09-15 04:35:01','2021-09-15 04:35:01'),(20,'Senior Full Stack Laravel Developer','https://remoteOK.io/remote-jobs/105862-remote-senior-full-stack-laravel-developer-slate','Supporting Cast seeks a passionate, creative developer with Laravel experience to expand onSupporting Castâs premium podcasting platform. As a key member of our team, you\'ll be helping independent podcasters, networks, and media companies improve their financial sustainability and build direct relationships with their most passionate fans. You\'ll be joining a small development team and will be in a position to have a huge influence on our rapidly evolving product. Working here provides the dynamic excitement of a startup, and the stability and competitive compensation of an established employer.\n\nWe are a small remote-first team and will consider any candidates that can work US East Coast hours. If you prefer to work in an office, our parent company, Slate, has locations in both Washington DC and Brooklyn NY.\n\nOur Current Tech Stack:\nâ¢ App: PHP/Laravel, Vue, Nginx, Varnish, Redis, Postgres, Docker\nâ¢ DevOps: AWS (Lamda, EC2, EB, Pipeline, S3, System Manager, etc.), Fastly CDN\nâ¢ Key vendors and partners: AWS, Google Cloud Computing, Stripe, Wordpress, Fastly\n\n\nAbout Supporting Cast\n\nSupporting Cast enables podcasters and audiobook publishers to launch podcast subscription programs and sell premium audio content that listeners can access through their podcast apps. Created byÂ SlateÂ following the success of Slate Plus, we now work with some of the largest podcasters and audiobook publishers in the industry.\n\nAs an internal startup, our small team is very much part of Slateâs warm, inclusive, and unique business culture. Slate has a history of successful internal startups, having previously spun offÂ Social CodeÂ andÂ MegaphoneÂ as successful independent companies.\n\nSupporting Cast is committed to excellence through diversity, which involves attracting talented people from diverse backgrounds and traditions. We encourage everyone to apply. If you require a reasonable accommodation during the application and selection process, please let us know. We will do what we can to meet your needs.\n\nSupporting Cast & Slate are affiliates of Graham Holdings. Read the Graham Holdings Company California Worker Privacy StatementÂ here.','2021-09-06 23:00:03','Washington, District of Columbia','Slate','https://remoteok.io/assets/jobs/8bef31cb74c67d311bec60b436a7d3731630969204.png','remoteok.com','2021-09-15 04:35:01','2021-09-15 04:35:01'),(21,'Lead Back End Engineer (PHP/Laravel, SQL) - Americas and Europe','https://arc.dev/remote-jobs/details/lead-back-end-engineer-php-laravel-sql-americas-and-europe-cqaqvks0i3','','2021-09-15 04:45:04','Remote in Argentina +76 countries','Arc Exclusive','','arc.dev','2021-09-15 04:45:04','2021-09-15 04:45:04'),(22,'Laravel/PHP Front-End Developer','https://arc.dev/remote-jobs/j/redmane-technology-laravel-php-front-end-developer-crek703wmo','','2021-09-15 04:45:04','Remote in United States','RedMane Technology','','arc.dev','2021-09-15 04:45:04','2021-09-15 04:45:04'),(23,'Laravel and Vue.js Developer','https://arc.dev/remote-jobs/j/the-remote-company-laravel-and-vue-js-developer-cqxn7xqma9','','2021-09-15 04:45:04','? Remote anywhere','The Remote Company','','arc.dev','2021-09-15 04:45:04','2021-09-15 04:45:04'),(24,'Freelance Laravel Developer Needed','https://arc.dev/remote-jobs/j/ihi-real-estate-signs-services-freelance-laravel-developer-needed-cs29k494e1','','2021-09-15 04:45:04','? Remote anywhere','IHI Real Estate Signs & Services','','arc.dev','2021-09-15 04:45:04','2021-09-15 04:45:04'),(25,'Full Stack Laravel Developer','https://arc.dev/remote-jobs/j/hpd-collaborative-full-stack-laravel-developer-cu0l7pywwt','','2021-09-15 04:45:04','? Remote anywhere','HPD Collaborative','','arc.dev','2021-09-15 04:45:04','2021-09-15 04:45:04'),(26,'Senior Full Stack Laravel Developer','https://arc.dev/remote-jobs/j/slate-senior-full-stack-laravel-developer-csl7d7gafg','','2021-09-15 04:45:04','? Remote anywhere','Slate','','arc.dev','2021-09-15 04:45:04','2021-09-15 04:45:04'),(27,'Full stack develop required- Laravel - Vuejs','https://arc.dev/remote-jobs/j/software-demand-full-stack-develop-required-laravel-vuejs-ccmey12rfr','','2021-09-15 04:45:04','Remote in United States +1 countries','software demand','','arc.dev','2021-09-15 04:45:04','2021-09-15 04:45:04'),(28,'Software Developer','https://arc.dev/remote-jobs/j/blueprint-title-company-software-developer-almy1q787y','','2021-09-15 04:45:04','Remote in United States','Blueprint Title','','arc.dev','2021-09-15 04:45:04','2021-09-15 04:45:04'),(29,'Full Stack Junior Developer','https://arc.dev/remote-jobs/j/truepedigree-inc-full-stack-junior-developer-cdaiwzll6p','','2021-09-15 04:45:04','? Remote anywhere','True Pedigree','','arc.dev','2021-09-15 04:45:04','2021-09-15 04:45:04'),(30,'Software Developer - COMING SOON!','https://arc.dev/remote-jobs/j/blueprint-title-company-software-developer-coming-soon-aldynv4sfm','','2021-09-15 04:45:04','? Remote anywhere','Blueprint Title','','arc.dev','2021-09-15 04:45:04','2021-09-15 04:45:04'),(31,'PHP Developer','https://arc.dev/remote-jobs/j/pixwel-php-developer-csop8jd5ve','','2021-09-15 04:45:04','? Remote anywhere','Pixwel','','arc.dev','2021-09-15 04:45:04','2021-09-15 04:45:04'),(32,'PHP Developer (Remote)','https://arc.dev/remote-jobs/j/x-team-php-developer-remote-cr6o2ti8l1','','2021-09-15 04:45:04','? Remote anywhere','X-Team','','arc.dev','2021-09-15 04:45:04','2021-09-15 04:45:04'),(33,'PHP Software Engineer','https://arc.dev/remote-jobs/j/mobile-integration-workgroup-php-software-engineer-cpd7bsdqwc','','2021-09-15 04:45:04','? Remote anywhere','Mobile Integration Workgroup','','arc.dev','2021-09-15 04:45:04','2021-09-15 04:45:04'),(34,'Full Stack Developer (m/f/d)','https://arc.dev/remote-jobs/j/about-you-gmbh-co-kg-full-stack-developer-m-f-d-cmo7m2aho6','','2021-09-15 04:45:04','Remote in Germany','ABOUT YOU GmbH & Co. KG','','arc.dev','2021-09-15 04:45:04','2021-09-15 04:45:04'),(35,'Lead Full Stack Developer (m/f/d)','https://arc.dev/remote-jobs/j/about-you-gmbh-co-kg-lead-full-stack-developer-m-f-d-cmo7avogs2','','2021-09-15 04:45:04','Remote in Germany','ABOUT YOU GmbH & Co. KG','','arc.dev','2021-09-15 04:45:04','2021-09-15 04:45:04'),(36,'Lead Backend PHP Developer (m/f/d)','https://arc.dev/remote-jobs/j/about-you-gmbh-co-kg-lead-backend-php-developer-m-f-d-cmo705oaun','','2021-09-15 04:45:04','Remote in Germany','ABOUT YOU GmbH & Co. KG','','arc.dev','2021-09-15 04:45:04','2021-09-15 04:45:04'),(37,'Full stack Developer (PHP +React.JS)','https://arc.dev/remote-jobs/j/upstack-technologies-inc-full-stack-developer-php-react-js-cjgxuuedw6','','2021-09-15 04:45:04','? Remote anywhere','Upstack.co','','arc.dev','2021-09-15 04:45:04','2021-09-15 04:45:04'),(38,'Full Stack Engineer (PHP - full time)','https://arc.dev/remote-jobs/j/brighton-solutions-inc-full-stack-engineer-php-full-time-ci1qdklqwq','','2021-09-15 04:45:04','Remote in United States','Brighton Solutions, Inc.','','arc.dev','2021-09-15 04:45:04','2021-09-15 04:45:04'),(39,'Sr Full Stack Engineer (PHP - long term contract)','https://arc.dev/remote-jobs/j/brighton-solutions-inc-sr-full-stack-engineer-php-long-term-contract-ci1qddue0k','','2021-09-15 04:45:04','Remote in United States','Brighton Solutions, Inc.','','arc.dev','2021-09-15 04:45:04','2021-09-15 04:45:04'),(40,'Back-end PHP Software Engineer','https://arc.dev/remote-jobs/j/formassembly-back-end-php-software-engineer-ch2cse19aq','','2021-09-15 04:45:04','Remote in United States','FormAssembly','','arc.dev','2021-09-15 04:45:04','2021-09-15 04:45:04'),(41,'Director of Product Engineering','https://arc.dev/remote-jobs/j/sportsrecruits-director-of-product-engineering-celwzuywjb','','2021-09-15 04:45:04','? Remote anywhere','SportsRecruits','','arc.dev','2021-09-15 04:45:04','2021-09-15 04:45:04'),(42,'PHP, Laravel, Javascript, Vue, Tailwind, Node Microservices. AWS and Lambdas.','https://www.ziprecruiter.com/jobs/shineon-jewelry-ce6e58e2/php-laravel-javascript-node-vue-full-stack-software-engineers-27d2cf59','','2021-09-15 05:05:00','Remote','ShineOn','https://larajobs.com//storage/logos/oDcEsyUO66RjaHbcJs17hblicndeFX0srq1eYXR6.png','larajobs.com','2021-09-15 05:05:00','2021-09-15 05:05:00'),(43,'Full-Stack/PHP Developer [Security]','https://patchstack.com/hiring-full-stack-php-developer/','','2021-09-15 05:05:00','Remote, EU Only','Patchstack','https://larajobs.com//storage/logos/w3umQ8V9CORc2FXojYzCeqa244ZplmA3NpD8do1f.png','larajobs.com','2021-09-15 05:05:00','2021-09-15 05:05:00'),(44,'Senior Full-Stack Laravel/PHP Developer','https://www.indeed.com/job/senior-full-stack-laravelphp-developer-1bff58f7f8a92e5a','','2021-09-15 05:05:00','Remote','CC Marketing Inc.','https://larajobs.com//storage/logos/4u5hgSz9fJdvIcclkBmCBNTarCj0lgvea4cH8FZk.jpg','larajobs.com','2021-09-15 05:05:00','2021-09-15 05:05:00'),(45,'CTO / Tech Lead FR and EN','https://www.linkedin.com/jobs/view/2714745716/','','2021-09-15 05:05:00','Remote, Asia and Europe Only','LET\'S DO YOUR PLAN PTE. LTD.','https://larajobs.com//storage/logos/X0QY8488SUYNWxDQAwREEQYunmk72g1HBRkLRSjO.png','larajobs.com','2021-09-15 05:05:00','2021-09-15 05:05:00'),(46,'Senior Software Developer','https://angel.co/company/teachboost/jobs/1595832-senior-software-developer','','2021-09-15 05:05:00','Remote','TeachBoost','https://larajobs.com//storage/logos/EgoVA1GULaQjfH4PaYrtkwOzncQmFo6fL0ROxg2E.png','larajobs.com','2021-09-15 05:05:00','2021-09-15 05:05:00'),(47,'Mid/Senior Laravel Web Developer (Remote)','https://rafflenexus.com/jobs','','2021-09-15 05:05:00','Remote, Canada (Vancouver)','Raffle Nexus','https://larajobs.com//storage/logos/dPvoxeYJHC3uHcPW16WKVk37EQILOeU0a4RyBoiA.png','larajobs.com','2021-09-15 05:05:00','2021-09-15 05:05:00'),(48,'VueJS Front End Developer','https://www.factorybucket.com/career?p=6','','2021-09-15 05:05:00','Remote, India, Surat, Gujarat','Factory Bucket Inc.','https://larajobs.com//storage/logos/FzdXNwsXRdUBNLdKAwgI1ZD9YoarixkZ6ewpu6td.png','larajobs.com','2021-09-15 05:05:00','2021-09-15 05:05:00'),(49,'Senior Software Engineer','https://adaptivehealth.com/careers','','2021-09-15 05:05:00','Boston, MA','Adaptive Health','https://larajobs.com//storage/logos/gewCp8N861s004TUepqloQIkQGbgQ6L7iRibV7T6.jpg','larajobs.com','2021-09-15 05:05:00','2021-09-15 05:05:00'),(50,'Senior Full-Stack Laravel Developer','https://jobs.lever.co/slate/972242fe-9e93-4c58-b37c-87aebe390a3e','','2021-09-15 05:05:00','Remote, USA only','Supporting Cast','https://larajobs.com//storage/logos/7uUyScZ8OBqgOMGsvqeZktq9TPmfxcE0TKMW1szS.png','larajobs.com','2021-09-15 05:05:00','2021-09-15 05:05:00'),(51,'PHP Developer','https://jobs.lever.co/AmericanEstate%26Trust/81396020-a7a8-4b39-abc1-57e5fb03722d','','2021-09-15 05:05:00','Remote, USA Only','American Estate & Trust','https://larajobs.com//storage/logos/s02NJrz4DbhxPyqaVAE58qVOLtzp790TUL4GI61T.png','larajobs.com','2021-09-15 05:05:00','2021-09-15 05:05:00'),(52,'Senior Developer','https://www.evoluted.net/join-us/senior-php-web-developer?utm_source=lara_jobs','','2021-09-15 05:05:00','Remote UK / Sheffield UK','Evoluted','https://larajobs.com//storage/logos/BUXZpqvLJJ610LdpqAMOr3zLrUc8GCsCZ220Mm41.jpg','larajobs.com','2021-09-15 05:05:00','2021-09-15 05:05:00'),(53,'Senior Full-Stack Developer','https://www.indeed.com/job/senior-full-stack-developer-remote-cd76fe8af272214c','','2021-09-15 05:05:00','Remote','Wild Pastures','https://larajobs.com//storage/logos/0nTOndNatWumRU6dz5JVrEmB90hhStxjrm16ms3q.png','larajobs.com','2021-09-15 05:05:00','2021-09-15 05:05:00'),(54,'Back-End Developer','https://careers.iphonephotographyschool.com/back-end-developer-job/?utm_source=lara_jobs','','2021-09-15 05:05:00','Remote','iPhone Photography School','https://larajobs.com//storage/logos/nSR8O2KYyju2st6PJBZwjkACF8eSs1b2Wf7hmsTK.jpg','larajobs.com','2021-09-15 05:05:00','2021-09-15 05:05:00'),(55,'Front End Developer','https://triber.com.ph/wp-content/uploads/sites/2/2021/09/Triber-PH-Front-End-Developer.docx','','2021-09-15 05:05:00','Remote (PREFER CANDIDATES SAME TIMEZONE WITH SINGAPORE)','Triber','https://larajobs.com//img/nologo.svg','larajobs.com','2021-09-15 05:05:00','2021-09-15 05:05:00'),(56,'PHP Software Engineer','https://triber.com.ph/wp-content/uploads/sites/2/2021/09/Triber-PH-PHP-Software-Engineer.docx','','2021-09-15 05:05:00','Remote (PREFER CANDIDATES SAME TIMEZONE WITH SINGAPORE)','Triber','https://larajobs.com//img/nologo.svg','larajobs.com','2021-09-15 05:05:00','2021-09-15 05:05:00'),(57,'Senior Full Stack Developer','https://apply.workable.com/maison-sport/j/6DCD628FAA/','','2021-09-15 05:05:00','Remote','Maison Sport','https://larajobs.com//storage/logos/5qmFyovtCoZkpkEDJsRyslp8FUqTeQL5iwCGCHrn.png','larajobs.com','2021-09-15 05:05:00','2021-09-15 05:05:00'),(58,'Remote Architect/Senior Laravel Software Engineer','https://www.processmaker.com/about/careers/remotearchitect/','','2021-09-15 05:05:00','Remote','ProcessMaker','https://larajobs.com//storage/logos/eFnJBkzVQARYNUXm6sW63HDvTE7erv4h8D9y1gKE.png','larajobs.com','2021-09-15 05:05:00','2021-09-15 05:05:00'),(59,'Web Software Developer (PRN27103B)','https://utah.peopleadmin.com/postings/120157','','2021-09-15 05:05:00','Salt Lake City','University of Utah','https://larajobs.com//img/nologo.svg','larajobs.com','2021-09-15 05:05:00','2021-09-15 05:05:00'),(60,'Laravel Developer','https://thehub.io/jobs/613a2464781ffb5df562ca97','','2021-09-15 05:05:00','Copenhagen, Denmark','eeSea','https://larajobs.com//storage/logos/BCyduWJekesA4xh8LcQnCYOMCMsNchUmZQ4udwq2.png','larajobs.com','2021-09-15 05:05:00','2021-09-15 05:05:00'),(61,'Full Stack Developer (m/f/d) - onsite or remote within Germany','https://corporate.aboutyou.de/de/jobs/full-stack-developer?utm_source=larajobs&utm_medium=Stellenportale&utm_campaign=full_stack_developer&trid=b0690198-c33c-4ebf-be69-d33bf696e673','','2021-09-15 05:05:00','HQ Hamburg or remote (within Germany)','ABOUT YOU AG & Co. KG','https://larajobs.com//img/nologo.svg','larajobs.com','2021-09-15 05:05:00','2021-09-15 05:05:00'),(62,'Senior Backend PHP Developer (m/f/d) - onsite or remote in Germany','https://corporate.aboutyou.de/de/jobs/senior-backend-php-developer?utm_source=larajobs&utm_medium=Stellenportale&utm_campaign=senior_backend_php_developer&trid=b0690198-c33c-4ebf-be69-d33bf696e673','','2021-09-15 05:05:00','HQ Hamburg or remote (within Germany)','ABOUT YOU AG & Co. KG','https://larajobs.com//img/nologo.svg','larajobs.com','2021-09-15 05:05:00','2021-09-15 05:05:00'),(63,'Lead Backend PHP Developer (m/f/d) - onsite or remote in Germany','https://corporate.aboutyou.de/en/jobs/lead-backend-php-developer?utm_source=Larajobs&utm_medium=Stellenportale&utm_campaign=lead_backend_php_developer&trid=b0690198-c33c-4ebf-be69-d33bf696e673','','2021-09-15 05:05:00','HQ Hamburg or remote (within Germany)','ABOUT YOU AG & Co KG','https://larajobs.com//img/nologo.svg','larajobs.com','2021-09-15 05:05:00','2021-09-15 05:05:00'),(64,'Sr. Data Engineer','https://careers-clearlink.icims.com/jobs/3394/sr.-data-engineer/job?mode=view','','2021-09-15 05:05:00','Remote','Clearlink','https://larajobs.com//img/nologo.svg','larajobs.com','2021-09-15 05:05:00','2021-09-15 05:05:00'),(65,'Senior Software Engineer','https://careers-clearlink.icims.com/jobs/3391/senior-software-engineer/job?mode=view','','2021-09-15 05:05:00','Remote','Clearlink','','larajobs.com','2021-09-15 05:05:00','2021-09-15 05:05:00'),(66,'Software Engineer','https://careers-clearlink.icims.com/jobs/3359/software-engineer/job?mode=view','','2021-09-15 05:05:00','Remote','Clearlink','https://larajobs.com//img/nologo.svg','larajobs.com','2021-09-15 05:05:00','2021-09-15 05:05:00'),(67,'JavaScript Devleoper','https://careers-clearlink.icims.com/jobs/3367/javascript-developer/job','','2021-09-15 05:05:00','Remote','Clearlink','','larajobs.com','2021-09-15 05:05:00','2021-09-15 05:05:00'),(68,'Site Reliability Engineer','https://www.vsimple.com/careers/site-reliability-engineer','','2021-09-15 05:05:00','Remote, USA Only','Vsimple','https://larajobs.com//img/nologo.svg','larajobs.com','2021-09-15 05:05:00','2021-09-15 05:05:00'),(69,'Senior Laravel Developer','https://thunderbite.com/careers/job3','','2021-09-15 05:05:00','Fully Remote, Europe only','Thunderbite','https://larajobs.com//storage/logos/GOVeT3xjsIHyKEOTwf4qm4XN7rCv8KuOp9fIS8Ma.png','larajobs.com','2021-09-15 05:05:00','2021-09-15 05:05:00'),(70,'SENIOR FULL-STACK Nova Ninjas → Join Kick-ass Team','https://quotevelocity.com/careers','','2021-09-15 05:05:00','Remote','Quote Velocity','https://larajobs.com//storage/logos/7gSESqwn233d2Gdp8tukWlt5fLrMbicrabVtILYh.png','larajobs.com','2021-09-15 05:05:00','2021-09-15 05:05:00'),(71,'Software Engineer (Multiple Roles - frontend/backend/fullstack)','https://careers-grin.icims.com/jobs/1186/software-engineer/job','','2021-09-15 05:05:01','Remote, USA Only','GRIN','https://larajobs.com//storage/logos/HjGblpwvSj8Jm7qm24jmg3UAClNxx2X7z4VFRP1S.jpeg','larajobs.com','2021-09-15 05:05:01','2021-09-15 05:05:01'),(72,'Sr. DevOps Engineer (Vue, PHP, Laravel, AWS)','https://careers-grin.icims.com/jobs/1208/sr.-devops-engineer/job','','2021-09-15 05:05:01','Remote, USA Only','GRIN','https://larajobs.com//storage/logos/HjGblpwvSj8Jm7qm24jmg3UAClNxx2X7z4VFRP1S.jpeg','larajobs.com','2021-09-15 05:05:01','2021-09-15 05:05:01'),(73,'Test Automation Architect (Vue, PHP, Laravel)','https://careers-grin.icims.com/jobs/1199/test-automation-architect/job','','2021-09-15 05:05:01','Remote, USA Only','GRIN','https://larajobs.com//storage/logos/HjGblpwvSj8Jm7qm24jmg3UAClNxx2X7z4VFRP1S.jpeg','larajobs.com','2021-09-15 05:05:01','2021-09-15 05:05:01'),(74,'Senior Back-End Engineer - Laravel / API','https://omure.com/jobs/senior-laravel-api/','','2021-09-15 05:05:01','Remote','Omure','https://larajobs.com//storage/logos/YgfwJR0wMOxEPTBZGm3DfenGUpGr2HwKcEj76v33.jpg','larajobs.com','2021-09-15 05:05:01','2021-09-15 05:05:01'),(75,'Laravel Developer','https://opendialog.ai/laravel-developer-contract/','','2021-09-15 05:05:01','Remote','OpenDialog (GreenShoot Labs)','https://larajobs.com//storage/logos/qxmOnuVcRpOFYWpmkF3AzWDixRDVzsD8eBo1O1dS.png','larajobs.com','2021-09-15 05:05:01','2021-09-15 05:05:01'),(76,'Senior full stack Laravel + Vue developer','https://www.sampleninja.io/job/senior-web-designer-team-lead/','','2021-09-15 05:05:01','Remote, Austin TX','Sample Ninja LLC','https://larajobs.com//storage/logos/KSeEt855oV5meEnByqvaAuUDV4Bv32tVdL5muRAM.png','larajobs.com','2021-09-15 05:05:01','2021-09-15 05:05:01'),(77,'Software Developer (All Tiers)','https://bit.ly/3nFU65Z','','2021-09-15 05:05:01','Remote, US & Canada Only','Alley','https://larajobs.com//storage/logos/Lllnr5esvA55kcgA6iAy2pYJWeHnHC8Ys5tNLwlD.png','larajobs.com','2021-09-15 05:05:01','2021-09-15 05:05:01'),(78,'Laravel and Vue.js Developer','https://weworkremotely.com/company/the-remote-company','','2021-09-01 21:00:00','Anywhere in the World','The Remote Company','','weworkremotely.com','2021-09-16 03:15:00','2021-09-16 03:15:00'),(79,'Senior Laravel Developer','https://weworkremotely.com/company/cripps-and-co','','2021-08-16 21:00:00','Anywhere in the World','Cripps and Co','','weworkremotely.com','2021-09-16 03:15:00','2021-09-16 03:15:00'),(80,'Back End Engineer - Laravel','https://weworkremotely.com/company/everli','','2021-09-16 03:15:00','Anywhere in the World','Everli','','weworkremotely.com','2021-09-16 03:15:00','2021-09-16 03:15:00'),(81,'Laravel, PHP Engineer for E-Commerce Agency','https://weworkremotely.com/company/vaan-group','','2021-08-30 21:00:00','Anywhere in the World','Vaan Group','','weworkremotely.com','2021-09-16 03:15:00','2021-09-16 03:15:00'),(82,'Senior Backend Laravel Engineer','https://weworkremotely.com/company/rally','','2021-08-29 21:00:00','Europe Only','Rally','','weworkremotely.com','2021-09-16 03:15:00','2021-09-16 03:15:00'),(83,'Back-End Developer (PHP + Laravel)','https://weworkremotely.com/company/iphone-photography-school','','2021-08-19 21:00:00','Anywhere in the World','iPhone Photography School','','weworkremotely.com','2021-09-16 03:15:00','2021-09-16 03:15:00'),(84,'Backend PHP Developer (m/f/d) - onsite or remote within the EU','https://stackoverflow.com/jobs/305466/backend-php-developer-m-f-d-onsite-or-remote-about-you-gmbh-co-kg?a=1ErwdjnlaaFa&so=p&pg=1&offset=0&total=32&so_medium=Internal&so_source=JobSearch&q=laravel','','2021-09-16 03:25:00','Limited remote','ABOUT YOU GmbH & Co. KG','https://i.stack.imgur.com/ujxgd.png?s=96','stackoverflow.com','2021-09-16 03:25:00','2021-09-16 03:25:00'),(85,'Java Backend Engineer','https://stackoverflow.com/jobs/520012/java-backend-engineer-wizenoze?a=2OoxPi35Nc9W&so=p&pg=1&offset=1&total=32&so_medium=Internal&so_source=JobSearch&q=laravel','','2021-09-16 03:25:00','Easy apply','Wizenoze','https://i.stack.imgur.com/PokRj.png?s=96','stackoverflow.com','2021-09-16 03:25:00','2021-09-16 03:25:00'),(86,'Senior Software Engineer (PHP)','https://stackoverflow.com/jobs/486921/senior-software-engineer-php-psp-media?a=2DiuhOwFZVa8&so=p&pg=1&offset=2&total=32&so_medium=Internal&so_source=JobSearch&q=laravel','','2021-09-16 03:25:00','€45k–60k','PSP Media','https://i.stack.imgur.com/rVRkw.png?s=96','stackoverflow.com','2021-09-16 03:25:00','2021-09-16 03:25:00');
/*!40000 ALTER TABLE `jobs` ENABLE KEYS */;
UNLOCK TABLES;

--
-- Table structure for table `menu_items`
--

DROP TABLE IF EXISTS `menu_items`;
/*!40101 SET @saved_cs_client     = @@character_set_client */;
/*!50503 SET character_set_client = utf8mb4 */;
CREATE TABLE `menu_items` (
  `id` int unsigned NOT NULL AUTO_INCREMENT,
  `menu_id` int unsigned DEFAULT NULL,
  `title` varchar(255) COLLATE utf8mb4_unicode_ci NOT NULL,
  `url` varchar(255) COLLATE utf8mb4_unicode_ci NOT NULL,
  `target` varchar(255) COLLATE utf8mb4_unicode_ci NOT NULL DEFAULT '_self',
  `icon_class` varchar(255) COLLATE utf8mb4_unicode_ci DEFAULT NULL,
  `color` varchar(255) COLLATE utf8mb4_unicode_ci DEFAULT NULL,
  `parent_id` int DEFAULT NULL,
  `order` int NOT NULL,
  `created_at` timestamp NULL DEFAULT NULL,
  `updated_at` timestamp NULL DEFAULT NULL,
  `route` varchar(255) COLLATE utf8mb4_unicode_ci DEFAULT NULL,
  `parameters` text COLLATE utf8mb4_unicode_ci,
  PRIMARY KEY (`id`),
  KEY `menu_items_menu_id_foreign` (`menu_id`),
  CONSTRAINT `menu_items_menu_id_foreign` FOREIGN KEY (`menu_id`) REFERENCES `menus` (`id`) ON DELETE CASCADE
) ENGINE=InnoDB AUTO_INCREMENT=18 DEFAULT CHARSET=utf8mb4 COLLATE=utf8mb4_unicode_ci;
/*!40101 SET character_set_client = @saved_cs_client */;

--
-- Dumping data for table `menu_items`
--

LOCK TABLES `menu_items` WRITE;
/*!40000 ALTER TABLE `menu_items` DISABLE KEYS */;
INSERT INTO `menu_items` VALUES (1,1,'Dashboard','','_self','voyager-boat',NULL,NULL,1,'2021-09-15 02:10:07','2021-09-15 02:10:07','voyager.dashboard',NULL),(2,1,'Media','','_self','voyager-images',NULL,NULL,5,'2021-09-15 02:10:07','2021-09-15 02:10:07','voyager.media.index',NULL),(3,1,'Users','','_self','voyager-person',NULL,NULL,3,'2021-09-15 02:10:07','2021-09-15 02:10:07','voyager.users.index',NULL),(4,1,'Roles','','_self','voyager-lock',NULL,NULL,2,'2021-09-15 02:10:07','2021-09-15 02:10:07','voyager.roles.index',NULL),(5,1,'Tools','','_self','voyager-tools',NULL,NULL,9,'2021-09-15 02:10:07','2021-09-15 02:10:07',NULL,NULL),(6,1,'Menu Builder','','_self','voyager-list',NULL,5,10,'2021-09-15 02:10:07','2021-09-15 02:10:07','voyager.menus.index',NULL),(7,1,'Database','','_self','voyager-data',NULL,5,11,'2021-09-15 02:10:07','2021-09-15 02:10:07','voyager.database.index',NULL),(8,1,'Compass','','_self','voyager-compass',NULL,5,12,'2021-09-15 02:10:07','2021-09-15 02:10:07','voyager.compass.index',NULL),(9,1,'BREAD','','_self','voyager-bread',NULL,5,13,'2021-09-15 02:10:07','2021-09-15 02:10:07','voyager.bread.index',NULL),(10,1,'Settings','','_self','voyager-settings',NULL,NULL,14,'2021-09-15 02:10:07','2021-09-15 02:10:07','voyager.settings.index',NULL),(11,1,'Categories','','_self','voyager-categories',NULL,NULL,8,'2021-09-15 02:10:08','2021-09-15 02:10:08','voyager.categories.index',NULL),(12,1,'Posts','','_self','voyager-news',NULL,NULL,6,'2021-09-15 02:10:08','2021-09-15 02:10:08','voyager.posts.index',NULL),(13,1,'Pages','','_self','voyager-file-text',NULL,NULL,7,'2021-09-15 02:10:09','2021-09-15 02:10:09','voyager.pages.index',NULL),(14,2,'Home','/','_self',NULL,'#000000',NULL,15,'2021-09-16 09:06:08','2021-09-16 09:06:08',NULL,''),(15,2,'Jobs','jobs','_self',NULL,'#000000',NULL,16,'2021-09-16 09:06:18','2021-09-16 09:06:18',NULL,''),(16,2,'News','news','_self',NULL,'#000000',NULL,17,'2021-09-16 09:06:28','2021-09-16 09:06:28',NULL,''),(17,2,'Contact','contact','_self',NULL,'#000000',NULL,18,'2021-09-16 09:06:35','2021-09-16 09:06:35',NULL,'');
/*!40000 ALTER TABLE `menu_items` ENABLE KEYS */;
UNLOCK TABLES;

--
-- Table structure for table `menus`
--

DROP TABLE IF EXISTS `menus`;
/*!40101 SET @saved_cs_client     = @@character_set_client */;
/*!50503 SET character_set_client = utf8mb4 */;
CREATE TABLE `menus` (
  `id` int unsigned NOT NULL AUTO_INCREMENT,
  `name` varchar(255) COLLATE utf8mb4_unicode_ci NOT NULL,
  `created_at` timestamp NULL DEFAULT NULL,
  `updated_at` timestamp NULL DEFAULT NULL,
  PRIMARY KEY (`id`),
  UNIQUE KEY `menus_name_unique` (`name`)
) ENGINE=InnoDB AUTO_INCREMENT=3 DEFAULT CHARSET=utf8mb4 COLLATE=utf8mb4_unicode_ci;
/*!40101 SET character_set_client = @saved_cs_client */;

--
-- Dumping data for table `menus`
--

LOCK TABLES `menus` WRITE;
/*!40000 ALTER TABLE `menus` DISABLE KEYS */;
INSERT INTO `menus` VALUES (1,'admin','2021-09-15 02:10:07','2021-09-15 02:10:07'),(2,'Main','2021-09-16 09:05:53','2021-09-16 09:05:53');
/*!40000 ALTER TABLE `menus` ENABLE KEYS */;
UNLOCK TABLES;

--
-- Table structure for table `migrations`
--

DROP TABLE IF EXISTS `migrations`;
/*!40101 SET @saved_cs_client     = @@character_set_client */;
/*!50503 SET character_set_client = utf8mb4 */;
CREATE TABLE `migrations` (
  `id` int unsigned NOT NULL AUTO_INCREMENT,
  `migration` varchar(255) COLLATE utf8mb4_unicode_ci NOT NULL,
  `batch` int NOT NULL,
  PRIMARY KEY (`id`)
) ENGINE=InnoDB AUTO_INCREMENT=33 DEFAULT CHARSET=utf8mb4 COLLATE=utf8mb4_unicode_ci;
/*!40101 SET character_set_client = @saved_cs_client */;

--
-- Dumping data for table `migrations`
--

LOCK TABLES `migrations` WRITE;
/*!40000 ALTER TABLE `migrations` DISABLE KEYS */;
INSERT INTO `migrations` VALUES (1,'2014_10_12_000000_create_users_table',1),(2,'2014_10_12_100000_create_password_resets_table',1),(3,'2019_08_19_000000_create_failed_jobs_table',1),(4,'2019_12_14_000001_create_personal_access_tokens_table',1),(5,'2021_09_12_153210_create_jobs_table',1),(6,'2014_10_12_200000_add_two_factor_columns_to_users_table',2),(7,'2021_09_15_045708_create_sessions_table',2),(8,'2020_12_22_000000_create_connected_accounts_table',3),(9,'2016_01_01_000000_add_voyager_user_fields',4),(10,'2016_01_01_000000_create_data_types_table',4),(11,'2016_05_19_173453_create_menu_table',4),(12,'2016_10_21_190000_create_roles_table',4),(13,'2016_10_21_190000_create_settings_table',4),(14,'2016_11_30_135954_create_permission_table',4),(15,'2016_11_30_141208_create_permission_role_table',4),(16,'2016_12_26_201236_data_types__add__server_side',4),(17,'2017_01_13_000000_add_route_to_menu_items_table',4),(18,'2017_01_14_005015_create_translations_table',4),(19,'2017_01_15_000000_make_table_name_nullable_in_permissions_table',4),(20,'2017_03_06_000000_add_controller_to_data_types_table',4),(21,'2017_04_21_000000_add_order_to_data_rows_table',4),(22,'2017_07_05_210000_add_policyname_to_data_types_table',4),(23,'2017_08_05_000000_add_group_to_settings_table',4),(24,'2017_11_26_013050_add_user_role_relationship',4),(25,'2017_11_26_015000_create_user_roles_table',4),(26,'2018_03_11_000000_add_user_settings',4),(27,'2018_03_14_000000_add_details_to_data_types_table',4),(28,'2018_03_16_000000_make_settings_value_nullable',4),(29,'2016_01_01_000000_create_pages_table',5),(30,'2016_01_01_000000_create_posts_table',5),(31,'2016_02_15_204651_create_categories_table',5),(32,'2017_04_11_000000_alter_post_nullable_fields_table',5);
/*!40000 ALTER TABLE `migrations` ENABLE KEYS */;
UNLOCK TABLES;

--
-- Table structure for table `pages`
--

DROP TABLE IF EXISTS `pages`;
/*!40101 SET @saved_cs_client     = @@character_set_client */;
/*!50503 SET character_set_client = utf8mb4 */;
CREATE TABLE `pages` (
  `id` int unsigned NOT NULL AUTO_INCREMENT,
  `author_id` int NOT NULL,
  `title` varchar(255) COLLATE utf8mb4_unicode_ci NOT NULL,
  `excerpt` text COLLATE utf8mb4_unicode_ci,
  `body` text COLLATE utf8mb4_unicode_ci,
  `image` varchar(255) COLLATE utf8mb4_unicode_ci DEFAULT NULL,
  `slug` varchar(255) COLLATE utf8mb4_unicode_ci NOT NULL,
  `meta_description` text COLLATE utf8mb4_unicode_ci,
  `meta_keywords` text COLLATE utf8mb4_unicode_ci,
  `status` enum('ACTIVE','INACTIVE') COLLATE utf8mb4_unicode_ci NOT NULL DEFAULT 'INACTIVE',
  `created_at` timestamp NULL DEFAULT NULL,
  `updated_at` timestamp NULL DEFAULT NULL,
  PRIMARY KEY (`id`),
  UNIQUE KEY `pages_slug_unique` (`slug`)
) ENGINE=InnoDB AUTO_INCREMENT=2 DEFAULT CHARSET=utf8mb4 COLLATE=utf8mb4_unicode_ci;
/*!40101 SET character_set_client = @saved_cs_client */;

--
-- Dumping data for table `pages`
--

LOCK TABLES `pages` WRITE;
/*!40000 ALTER TABLE `pages` DISABLE KEYS */;
INSERT INTO `pages` VALUES (1,0,'Hello World','Hang the jib grog grog blossom grapple dance the hempen jig gangway pressgang bilge rat to go on account lugger. Nelsons folly gabion line draught scallywag fire ship gaff fluke fathom case shot. Sea Legs bilge rat sloop matey gabion long clothes run a shot across the bow Gold Road cog league.','<p>Hello World. Scallywag grog swab Cat o\'nine tails scuttle rigging hardtack cable nipper Yellow Jack. Handsomely spirits knave lad killick landlubber or just lubber deadlights chantey pinnace crack Jennys tea cup. Provost long clothes black spot Yellow Jack bilged on her anchor league lateen sail case shot lee tackle.</p>\n<p>Ballast spirits fluke topmast me quarterdeck schooner landlubber or just lubber gabion belaying pin. Pinnace stern galleon starboard warp carouser to go on account dance the hempen jig jolly boat measured fer yer chains. Man-of-war fire in the hole nipperkin handsomely doubloon barkadeer Brethren of the Coast gibbet driver squiffy.</p>','pages/page1.jpg','hello-world','Yar Meta Description','Keyword1, Keyword2','ACTIVE','2021-09-15 02:10:09','2021-09-15 02:10:09');
/*!40000 ALTER TABLE `pages` ENABLE KEYS */;
UNLOCK TABLES;

--
-- Table structure for table `password_resets`
--

DROP TABLE IF EXISTS `password_resets`;
/*!40101 SET @saved_cs_client     = @@character_set_client */;
/*!50503 SET character_set_client = utf8mb4 */;
CREATE TABLE `password_resets` (
  `email` varchar(255) COLLATE utf8mb4_unicode_ci NOT NULL,
  `token` varchar(255) COLLATE utf8mb4_unicode_ci NOT NULL,
  `created_at` timestamp NULL DEFAULT NULL,
  KEY `password_resets_email_index` (`email`)
) ENGINE=InnoDB DEFAULT CHARSET=utf8mb4 COLLATE=utf8mb4_unicode_ci;
/*!40101 SET character_set_client = @saved_cs_client */;

--
-- Dumping data for table `password_resets`
--

LOCK TABLES `password_resets` WRITE;
/*!40000 ALTER TABLE `password_resets` DISABLE KEYS */;
/*!40000 ALTER TABLE `password_resets` ENABLE KEYS */;
UNLOCK TABLES;

--
-- Table structure for table `permission_role`
--

DROP TABLE IF EXISTS `permission_role`;
/*!40101 SET @saved_cs_client     = @@character_set_client */;
/*!50503 SET character_set_client = utf8mb4 */;
CREATE TABLE `permission_role` (
  `permission_id` bigint unsigned NOT NULL,
  `role_id` bigint unsigned NOT NULL,
  PRIMARY KEY (`permission_id`,`role_id`),
  KEY `permission_role_permission_id_index` (`permission_id`),
  KEY `permission_role_role_id_index` (`role_id`),
  CONSTRAINT `permission_role_permission_id_foreign` FOREIGN KEY (`permission_id`) REFERENCES `permissions` (`id`) ON DELETE CASCADE,
  CONSTRAINT `permission_role_role_id_foreign` FOREIGN KEY (`role_id`) REFERENCES `roles` (`id`) ON DELETE CASCADE
) ENGINE=InnoDB DEFAULT CHARSET=utf8mb4 COLLATE=utf8mb4_unicode_ci;
/*!40101 SET character_set_client = @saved_cs_client */;

--
-- Dumping data for table `permission_role`
--

LOCK TABLES `permission_role` WRITE;
/*!40000 ALTER TABLE `permission_role` DISABLE KEYS */;
INSERT INTO `permission_role` VALUES (1,1),(2,1),(3,1),(4,1),(5,1),(6,1),(7,1),(8,1),(9,1),(10,1),(11,1),(12,1),(13,1),(14,1),(15,1),(16,1),(17,1),(18,1),(19,1),(20,1),(21,1),(22,1),(23,1),(24,1),(25,1),(26,1),(27,1),(28,1),(29,1),(30,1),(31,1),(32,1),(33,1),(34,1),(35,1),(36,1),(37,1),(38,1),(39,1),(40,1);
/*!40000 ALTER TABLE `permission_role` ENABLE KEYS */;
UNLOCK TABLES;

--
-- Table structure for table `permissions`
--

DROP TABLE IF EXISTS `permissions`;
/*!40101 SET @saved_cs_client     = @@character_set_client */;
/*!50503 SET character_set_client = utf8mb4 */;
CREATE TABLE `permissions` (
  `id` bigint unsigned NOT NULL AUTO_INCREMENT,
  `key` varchar(255) COLLATE utf8mb4_unicode_ci NOT NULL,
  `table_name` varchar(255) CHARACTER SET utf8mb4 COLLATE utf8mb4_unicode_ci DEFAULT NULL,
  `created_at` timestamp NULL DEFAULT NULL,
  `updated_at` timestamp NULL DEFAULT NULL,
  PRIMARY KEY (`id`),
  KEY `permissions_key_index` (`key`)
) ENGINE=InnoDB AUTO_INCREMENT=41 DEFAULT CHARSET=utf8mb4 COLLATE=utf8mb4_unicode_ci;
/*!40101 SET character_set_client = @saved_cs_client */;

--
-- Dumping data for table `permissions`
--

LOCK TABLES `permissions` WRITE;
/*!40000 ALTER TABLE `permissions` DISABLE KEYS */;
INSERT INTO `permissions` VALUES (1,'browse_admin',NULL,'2021-09-15 02:10:07','2021-09-15 02:10:07'),(2,'browse_bread',NULL,'2021-09-15 02:10:07','2021-09-15 02:10:07'),(3,'browse_database',NULL,'2021-09-15 02:10:07','2021-09-15 02:10:07'),(4,'browse_media',NULL,'2021-09-15 02:10:07','2021-09-15 02:10:07'),(5,'browse_compass',NULL,'2021-09-15 02:10:07','2021-09-15 02:10:07'),(6,'browse_menus','menus','2021-09-15 02:10:07','2021-09-15 02:10:07'),(7,'read_menus','menus','2021-09-15 02:10:07','2021-09-15 02:10:07'),(8,'edit_menus','menus','2021-09-15 02:10:07','2021-09-15 02:10:07'),(9,'add_menus','menus','2021-09-15 02:10:07','2021-09-15 02:10:07'),(10,'delete_menus','menus','2021-09-15 02:10:07','2021-09-15 02:10:07'),(11,'browse_roles','roles','2021-09-15 02:10:07','2021-09-15 02:10:07'),(12,'read_roles','roles','2021-09-15 02:10:07','2021-09-15 02:10:07'),(13,'edit_roles','roles','2021-09-15 02:10:07','2021-09-15 02:10:07'),(14,'add_roles','roles','2021-09-15 02:10:07','2021-09-15 02:10:07'),(15,'delete_roles','roles','2021-09-15 02:10:07','2021-09-15 02:10:07'),(16,'browse_users','users','2021-09-15 02:10:07','2021-09-15 02:10:07'),(17,'read_users','users','2021-09-15 02:10:07','2021-09-15 02:10:07'),(18,'edit_users','users','2021-09-15 02:10:07','2021-09-15 02:10:07'),(19,'add_users','users','2021-09-15 02:10:07','2021-09-15 02:10:07'),(20,'delete_users','users','2021-09-15 02:10:07','2021-09-15 02:10:07'),(21,'browse_settings','settings','2021-09-15 02:10:07','2021-09-15 02:10:07'),(22,'read_settings','settings','2021-09-15 02:10:07','2021-09-15 02:10:07'),(23,'edit_settings','settings','2021-09-15 02:10:07','2021-09-15 02:10:07'),(24,'add_settings','settings','2021-09-15 02:10:07','2021-09-15 02:10:07'),(25,'delete_settings','settings','2021-09-15 02:10:07','2021-09-15 02:10:07'),(26,'browse_categories','categories','2021-09-15 02:10:08','2021-09-15 02:10:08'),(27,'read_categories','categories','2021-09-15 02:10:08','2021-09-15 02:10:08'),(28,'edit_categories','categories','2021-09-15 02:10:08','2021-09-15 02:10:08'),(29,'add_categories','categories','2021-09-15 02:10:08','2021-09-15 02:10:08'),(30,'delete_categories','categories','2021-09-15 02:10:08','2021-09-15 02:10:08'),(31,'browse_posts','posts','2021-09-15 02:10:08','2021-09-15 02:10:08'),(32,'read_posts','posts','2021-09-15 02:10:08','2021-09-15 02:10:08'),(33,'edit_posts','posts','2021-09-15 02:10:08','2021-09-15 02:10:08'),(34,'add_posts','posts','2021-09-15 02:10:08','2021-09-15 02:10:08'),(35,'delete_posts','posts','2021-09-15 02:10:08','2021-09-15 02:10:08'),(36,'browse_pages','pages','2021-09-15 02:10:09','2021-09-15 02:10:09'),(37,'read_pages','pages','2021-09-15 02:10:09','2021-09-15 02:10:09'),(38,'edit_pages','pages','2021-09-15 02:10:09','2021-09-15 02:10:09'),(39,'add_pages','pages','2021-09-15 02:10:09','2021-09-15 02:10:09'),(40,'delete_pages','pages','2021-09-15 02:10:09','2021-09-15 02:10:09');
/*!40000 ALTER TABLE `permissions` ENABLE KEYS */;
UNLOCK TABLES;

--
-- Table structure for table `personal_access_tokens`
--

DROP TABLE IF EXISTS `personal_access_tokens`;
/*!40101 SET @saved_cs_client     = @@character_set_client */;
/*!50503 SET character_set_client = utf8mb4 */;
CREATE TABLE `personal_access_tokens` (
  `id` bigint unsigned NOT NULL AUTO_INCREMENT,
  `tokenable_type` varchar(255) COLLATE utf8mb4_unicode_ci NOT NULL,
  `tokenable_id` bigint unsigned NOT NULL,
  `name` varchar(255) COLLATE utf8mb4_unicode_ci NOT NULL,
  `token` varchar(64) COLLATE utf8mb4_unicode_ci NOT NULL,
  `abilities` text COLLATE utf8mb4_unicode_ci,
  `last_used_at` timestamp NULL DEFAULT NULL,
  `created_at` timestamp NULL DEFAULT NULL,
  `updated_at` timestamp NULL DEFAULT NULL,
  PRIMARY KEY (`id`),
  UNIQUE KEY `personal_access_tokens_token_unique` (`token`),
  KEY `personal_access_tokens_tokenable_type_tokenable_id_index` (`tokenable_type`,`tokenable_id`)
) ENGINE=InnoDB DEFAULT CHARSET=utf8mb4 COLLATE=utf8mb4_unicode_ci;
/*!40101 SET character_set_client = @saved_cs_client */;

--
-- Dumping data for table `personal_access_tokens`
--

LOCK TABLES `personal_access_tokens` WRITE;
/*!40000 ALTER TABLE `personal_access_tokens` DISABLE KEYS */;
/*!40000 ALTER TABLE `personal_access_tokens` ENABLE KEYS */;
UNLOCK TABLES;

--
-- Table structure for table `posts`
--

DROP TABLE IF EXISTS `posts`;
/*!40101 SET @saved_cs_client     = @@character_set_client */;
/*!50503 SET character_set_client = utf8mb4 */;
CREATE TABLE `posts` (
  `id` int unsigned NOT NULL AUTO_INCREMENT,
  `author_id` int NOT NULL,
  `category_id` int DEFAULT NULL,
  `title` varchar(255) COLLATE utf8mb4_unicode_ci NOT NULL,
  `seo_title` varchar(255) COLLATE utf8mb4_unicode_ci DEFAULT NULL,
  `excerpt` text CHARACTER SET utf8mb4 COLLATE utf8mb4_unicode_ci,
  `body` text COLLATE utf8mb4_unicode_ci NOT NULL,
  `image` varchar(255) COLLATE utf8mb4_unicode_ci DEFAULT NULL,
  `slug` varchar(255) COLLATE utf8mb4_unicode_ci NOT NULL,
  `meta_description` text CHARACTER SET utf8mb4 COLLATE utf8mb4_unicode_ci,
  `meta_keywords` text CHARACTER SET utf8mb4 COLLATE utf8mb4_unicode_ci,
  `status` enum('PUBLISHED','DRAFT','PENDING') COLLATE utf8mb4_unicode_ci NOT NULL DEFAULT 'DRAFT',
  `featured` tinyint(1) NOT NULL DEFAULT '0',
  `created_at` timestamp NULL DEFAULT NULL,
  `updated_at` timestamp NULL DEFAULT NULL,
  PRIMARY KEY (`id`),
  UNIQUE KEY `posts_slug_unique` (`slug`)
) ENGINE=InnoDB AUTO_INCREMENT=5 DEFAULT CHARSET=utf8mb4 COLLATE=utf8mb4_unicode_ci;
/*!40101 SET character_set_client = @saved_cs_client */;

--
-- Dumping data for table `posts`
--

LOCK TABLES `posts` WRITE;
/*!40000 ALTER TABLE `posts` DISABLE KEYS */;
INSERT INTO `posts` VALUES (1,0,NULL,'Lorem Ipsum Post',NULL,'This is the excerpt for the Lorem Ipsum Post','<p>This is the body of the lorem ipsum post</p>','posts/post1.jpg','lorem-ipsum-post','This is the meta description','keyword1, keyword2, keyword3','PUBLISHED',0,'2021-09-15 02:10:08','2021-09-15 02:10:08'),(2,0,NULL,'My Sample Post',NULL,'This is the excerpt for the sample Post','<p>This is the body for the sample post, which includes the body.</p>\n                <h2>We can use all kinds of format!</h2>\n                <p>And include a bunch of other stuff.</p>','posts/post2.jpg','my-sample-post','Meta Description for sample post','keyword1, keyword2, keyword3','PUBLISHED',0,'2021-09-15 02:10:08','2021-09-15 02:10:08'),(3,0,NULL,'Latest Post',NULL,'This is the excerpt for the latest post','<p>This is the body for the latest post</p>','posts/post3.jpg','latest-post','This is the meta description','keyword1, keyword2, keyword3','PUBLISHED',0,'2021-09-15 02:10:08','2021-09-15 02:10:08'),(4,0,NULL,'Yarr Post',NULL,'Reef sails nipperkin bring a spring upon her cable coffer jury mast spike marooned Pieces of Eight poop deck pillage. Clipper driver coxswain galleon hempen halter come about pressgang gangplank boatswain swing the lead. Nipperkin yard skysail swab lanyard Blimey bilge water ho quarter Buccaneer.','<p>Swab deadlights Buccaneer fire ship square-rigged dance the hempen jig weigh anchor cackle fruit grog furl. Crack Jennys tea cup chase guns pressgang hearties spirits hogshead Gold Road six pounders fathom measured fer yer chains. Main sheet provost come about trysail barkadeer crimp scuttle mizzenmast brig plunder.</p>\n<p>Mizzen league keelhaul galleon tender cog chase Barbary Coast doubloon crack Jennys tea cup. Blow the man down lugsail fire ship pinnace cackle fruit line warp Admiral of the Black strike colors doubloon. Tackle Jack Ketch come about crimp rum draft scuppers run a shot across the bow haul wind maroon.</p>\n<p>Interloper heave down list driver pressgang holystone scuppers tackle scallywag bilged on her anchor. Jack Tar interloper draught grapple mizzenmast hulk knave cable transom hogshead. Gaff pillage to go on account grog aft chase guns piracy yardarm knave clap of thunder.</p>','posts/post4.jpg','yarr-post','this be a meta descript','keyword1, keyword2, keyword3','PUBLISHED',0,'2021-09-15 02:10:09','2021-09-15 02:10:09');
/*!40000 ALTER TABLE `posts` ENABLE KEYS */;
UNLOCK TABLES;

--
-- Table structure for table `roles`
--

DROP TABLE IF EXISTS `roles`;
/*!40101 SET @saved_cs_client     = @@character_set_client */;
/*!50503 SET character_set_client = utf8mb4 */;
CREATE TABLE `roles` (
  `id` bigint unsigned NOT NULL AUTO_INCREMENT,
  `name` varchar(255) COLLATE utf8mb4_unicode_ci NOT NULL,
  `display_name` varchar(255) COLLATE utf8mb4_unicode_ci NOT NULL,
  `created_at` timestamp NULL DEFAULT NULL,
  `updated_at` timestamp NULL DEFAULT NULL,
  PRIMARY KEY (`id`),
  UNIQUE KEY `roles_name_unique` (`name`)
) ENGINE=InnoDB AUTO_INCREMENT=3 DEFAULT CHARSET=utf8mb4 COLLATE=utf8mb4_unicode_ci;
/*!40101 SET character_set_client = @saved_cs_client */;

--
-- Dumping data for table `roles`
--

LOCK TABLES `roles` WRITE;
/*!40000 ALTER TABLE `roles` DISABLE KEYS */;
INSERT INTO `roles` VALUES (1,'admin','Administrator','2021-09-15 02:10:07','2021-09-15 02:10:07'),(2,'user','Normal User','2021-09-15 02:10:07','2021-09-15 02:10:07');
/*!40000 ALTER TABLE `roles` ENABLE KEYS */;
UNLOCK TABLES;

--
-- Table structure for table `sessions`
--

DROP TABLE IF EXISTS `sessions`;
/*!40101 SET @saved_cs_client     = @@character_set_client */;
/*!50503 SET character_set_client = utf8mb4 */;
CREATE TABLE `sessions` (
  `id` varchar(255) COLLATE utf8mb4_unicode_ci NOT NULL,
  `user_id` bigint unsigned DEFAULT NULL,
  `ip_address` varchar(45) COLLATE utf8mb4_unicode_ci DEFAULT NULL,
  `user_agent` text COLLATE utf8mb4_unicode_ci,
  `payload` text COLLATE utf8mb4_unicode_ci NOT NULL,
  `last_activity` int NOT NULL,
  PRIMARY KEY (`id`),
  KEY `sessions_user_id_index` (`user_id`),
  KEY `sessions_last_activity_index` (`last_activity`)
) ENGINE=InnoDB DEFAULT CHARSET=utf8mb4 COLLATE=utf8mb4_unicode_ci;
/*!40101 SET character_set_client = @saved_cs_client */;

--
-- Dumping data for table `sessions`
--

LOCK TABLES `sessions` WRITE;
/*!40000 ALTER TABLE `sessions` DISABLE KEYS */;
INSERT INTO `sessions` VALUES ('0XobNUcMbYC1ys1bKWxsR4TJyyFzyQZVyEFU6zEO',NULL,'127.0.0.1','Mozilla/5.0 (X11; Linux x86_64) AppleWebKit/537.36 (KHTML, like Gecko) Chrome/93.0.4577.63 Safari/537.36','YTozOntzOjY6Il90b2tlbiI7czo0MDoiWmkyc1RHNkZNaHEzV2xBcUVWUnJtTloxbEFiaUpiUk52MHNHbXdmayI7czo5OiJfcHJldmlvdXMiO2E6MTp7czozOiJ1cmwiO3M6MjI6Imh0dHA6Ly9sYXJhbW90ZWx5LnRlc3QiO31zOjY6Il9mbGFzaCI7YToyOntzOjM6Im9sZCI7YTowOnt9czozOiJuZXciO2E6MDp7fX19',1631797036),('2w6S8rOg65ts40oiPR9J1B0o1wa5CbdVkHxPXTWi',NULL,'127.0.0.1','Mozilla/5.0 (X11; Linux x86_64) AppleWebKit/537.36 (KHTML, like Gecko) Chrome/93.0.4577.63 Safari/537.36','YTozOntzOjY6Il90b2tlbiI7czo0MDoicnlMUTNQVlNPMG45anFvSzJRc29rVDJQbG9oVWZsbjJ4cnllWUh6cyI7czo5OiJfcHJldmlvdXMiO2E6MTp7czozOiJ1cmwiO3M6MjI6Imh0dHA6Ly9sYXJhbW90ZWx5LnRlc3QiO31zOjY6Il9mbGFzaCI7YToyOntzOjM6Im9sZCI7YTowOnt9czozOiJuZXciO2E6MDp7fX19',1631796699),('3b4xGXIlsLJE3vzr8RoVwJQILYpN3coLfFNd6DxD',NULL,'127.0.0.1','Mozilla/5.0 (X11; Linux x86_64) AppleWebKit/537.36 (KHTML, like Gecko) Chrome/93.0.4577.63 Safari/537.36 OPR/79.0.4143.22','YTozOntzOjY6Il90b2tlbiI7czo0MDoibVJ1b1hncGxleFVBeUMwVnB4UzN5TEc1UmZOSXhqVXpIMmRNMUQzYSI7czo5OiJfcHJldmlvdXMiO2E6MTp7czozOiJ1cmwiO3M6Njk6Imh0dHA6Ly9sYXJhbW90ZWx5LnRlc3QvYWRtaW4vdm95YWdlci1hc3NldHM/cGF0aD1mb250cyUyRnZveWFnZXIud29mZiI7fXM6NjoiX2ZsYXNoIjthOjI6e3M6Mzoib2xkIjthOjA6e31zOjM6Im5ldyI7YTowOnt9fX0=',1631793054),('3DD7M6R4cmnWpJXUZxUkXQ9iAAq0t4lrvOaAbpQ5',NULL,'127.0.0.1','Mozilla/5.0 (X11; Linux x86_64) AppleWebKit/537.36 (KHTML, like Gecko) Chrome/93.0.4577.63 Safari/537.36','YTozOntzOjY6Il90b2tlbiI7czo0MDoibTU1M0FMVHA2VXZYSVpsRmw4YVNhYjdaNXpKbE9hcG5QMEFHV2VGNSI7czo5OiJfcHJldmlvdXMiO2E6MTp7czozOiJ1cmwiO3M6Nzc6Imh0dHA6Ly9sYXJhbW90ZWx5LnRlc3QvYWRtaW4vdm95YWdlci1hc3NldHM/cGF0aD1pbWFnZXMlMkZsb2dvLWljb24tbGlnaHQucG5nIjt9czo2OiJfZmxhc2giO2E6Mjp7czozOiJvbGQiO2E6MDp7fXM6MzoibmV3IjthOjA6e319fQ==',1631793206),('3vJRnPkLoIDdMNoS8MpMdi1haNBJAPTdPnCjx5iS',NULL,'127.0.0.1','Mozilla/5.0 (X11; Linux x86_64) AppleWebKit/537.36 (KHTML, like Gecko) Chrome/93.0.4577.63 Safari/537.36','YTozOntzOjY6Il90b2tlbiI7czo0MDoiTUxBSEI2MkpxUzlGVmd2Z3lzTllUU0ZrZGpQc1NDQzVLaU9WWWQ2WSI7czo5OiJfcHJldmlvdXMiO2E6MTp7czozOiJ1cmwiO3M6MjI6Imh0dHA6Ly9sYXJhbW90ZWx5LnRlc3QiO31zOjY6Il9mbGFzaCI7YToyOntzOjM6Im9sZCI7YTowOnt9czozOiJuZXciO2E6MDp7fX19',1631798629),('4EEIKYAobT3xJrYBwSHe3kNyBm1qSNsLOFGvdLme',NULL,'127.0.0.1','Mozilla/5.0 (X11; Linux x86_64) AppleWebKit/537.36 (KHTML, like Gecko) Chrome/93.0.4577.63 Safari/537.36','YTozOntzOjY6Il90b2tlbiI7czo0MDoiVlNMNFZPbFRWM3RPdHNmRUxuSmgzZXRXQms0YVl4Z3V1WU1KaWdzeiI7czo5OiJfcHJldmlvdXMiO2E6MTp7czozOiJ1cmwiO3M6MjI6Imh0dHA6Ly9sYXJhbW90ZWx5LnRlc3QiO31zOjY6Il9mbGFzaCI7YToyOntzOjM6Im9sZCI7YTowOnt9czozOiJuZXciO2E6MDp7fX19',1631798606),('4RKIXzUfH1p5xpM6zCKrHECoQm9jQbvZY9HCXCYy',NULL,'127.0.0.1','Mozilla/5.0 (X11; Linux x86_64) AppleWebKit/537.36 (KHTML, like Gecko) Chrome/93.0.4577.63 Safari/537.36','YToyOntzOjY6Il90b2tlbiI7czo0MDoiZElOa0JYRDI4ejlpbDk4MjFRdDZOUEEyRjFrNGRkbU1oZWVmdjQ2WiI7czo2OiJfZmxhc2giO2E6Mjp7czozOiJvbGQiO2E6MDp7fXM6MzoibmV3IjthOjA6e319fQ==',1631793105),('4WV1HI6H0IakgvQ70ZJbQxY6jSqa2yAnnG3MWJNP',NULL,'127.0.0.1','Mozilla/5.0 (X11; Linux x86_64) AppleWebKit/537.36 (KHTML, like Gecko) Chrome/93.0.4577.63 Safari/537.36','YTozOntzOjY6Il90b2tlbiI7czo0MDoid0xEVG1VZUdTSnNhMGRwMU16MjhnVklPR2ZwU2Jad05JVjZEZkQ5diI7czo5OiJfcHJldmlvdXMiO2E6MTp7czozOiJ1cmwiO3M6MjI6Imh0dHA6Ly9sYXJhbW90ZWx5LnRlc3QiO31zOjY6Il9mbGFzaCI7YToyOntzOjM6Im9sZCI7YTowOnt9czozOiJuZXciO2E6MDp7fX19',1631797610),('5BsC58KV4P9kfpbtdlBPEquCqKAGgXRGMCrl7xly',NULL,'127.0.0.1','Mozilla/5.0 (X11; Linux x86_64) AppleWebKit/537.36 (KHTML, like Gecko) Chrome/93.0.4577.63 Safari/537.36','YTozOntzOjY6Il90b2tlbiI7czo0MDoiSmVzUWsyb2pSa09WanV4WHlkSFpUUWR0RE84czVBSmJPQzZydWVBSSI7czo5OiJfcHJldmlvdXMiO2E6MTp7czozOiJ1cmwiO3M6MjI6Imh0dHA6Ly9sYXJhbW90ZWx5LnRlc3QiO31zOjY6Il9mbGFzaCI7YToyOntzOjM6Im9sZCI7YTowOnt9czozOiJuZXciO2E6MDp7fX19',1631796681),('5VfyPWPlnXXJFoioGZ8OYAcOEXUSKdRsJgr5asXS',NULL,'127.0.0.1','Mozilla/5.0 (X11; Linux x86_64) AppleWebKit/537.36 (KHTML, like Gecko) Chrome/93.0.4577.63 Safari/537.36','YTozOntzOjY6Il90b2tlbiI7czo0MDoiV055NG1tYlRjWFZUekhxeHpiODR5RllWdUZRU2ZDaHFCTWlUOXZtTiI7czo5OiJfcHJldmlvdXMiO2E6MTp7czozOiJ1cmwiO3M6MjI6Imh0dHA6Ly9sYXJhbW90ZWx5LnRlc3QiO31zOjY6Il9mbGFzaCI7YToyOntzOjM6Im9sZCI7YTowOnt9czozOiJuZXciO2E6MDp7fX19',1631796752),('7BDZ47Ykv2dRtvU5RR4o3NGcS8ZvAB8YhAwr2n9t',NULL,'127.0.0.1','Mozilla/5.0 (X11; Linux x86_64) AppleWebKit/537.36 (KHTML, like Gecko) Chrome/93.0.4577.63 Safari/537.36','YTozOntzOjY6Il90b2tlbiI7czo0MDoiQ1F3NUxERVlLS1dBTDRvQjdZSDJQNU90OFRFMnFxNWc3N3NaMDBVdCI7czo5OiJfcHJldmlvdXMiO2E6MTp7czozOiJ1cmwiO3M6MjI6Imh0dHA6Ly9sYXJhbW90ZWx5LnRlc3QiO31zOjY6Il9mbGFzaCI7YToyOntzOjM6Im9sZCI7YTowOnt9czozOiJuZXciO2E6MDp7fX19',1631796825),('7lFNck8hLOXHUT5FuM6A8cpfpnP1lDxryTlFybDf',NULL,'127.0.0.1','Mozilla/5.0 (X11; Linux x86_64) AppleWebKit/537.36 (KHTML, like Gecko) Chrome/93.0.4577.63 Safari/537.36','YTozOntzOjY6Il90b2tlbiI7czo0MDoiS3JUSjRFYkJUR21Dd05kWkFOT0FjY0trMmlMTTFKQVlXU0RCYWpJQyI7czo5OiJfcHJldmlvdXMiO2E6MTp7czozOiJ1cmwiO3M6MjI6Imh0dHA6Ly9sYXJhbW90ZWx5LnRlc3QiO31zOjY6Il9mbGFzaCI7YToyOntzOjM6Im9sZCI7YTowOnt9czozOiJuZXciO2E6MDp7fX19',1631798087),('7yWfsAVAqGpMwTKTZwnXxtGbSOa2X1Vm3UwAqMWK',NULL,'127.0.0.1','Mozilla/5.0 (X11; Linux x86_64) AppleWebKit/537.36 (KHTML, like Gecko) Chrome/93.0.4577.63 Safari/537.36','YTozOntzOjY6Il90b2tlbiI7czo0MDoiQjhFYVFURUhGdnlqQjVVb2xFUDl2TjJ6MzVVNkM2M216bGFPTnIxRCI7czo5OiJfcHJldmlvdXMiO2E6MTp7czozOiJ1cmwiO3M6MjI6Imh0dHA6Ly9sYXJhbW90ZWx5LnRlc3QiO31zOjY6Il9mbGFzaCI7YToyOntzOjM6Im9sZCI7YTowOnt9czozOiJuZXciO2E6MDp7fX19',1631796347),('8uh5wE5dWKeZGLYEXSbxCAvsGT1njopvnVrtmtW7',NULL,'127.0.0.1','Mozilla/5.0 (X11; Linux x86_64) AppleWebKit/537.36 (KHTML, like Gecko) Chrome/93.0.4577.63 Safari/537.36','YTozOntzOjY6Il90b2tlbiI7czo0MDoiZFU0eFdKOHkzRG1CMmhablZCMFBvQ3cydUR2WmlVQlZ5NEdJQ2VoaCI7czo5OiJfcHJldmlvdXMiO2E6MTp7czozOiJ1cmwiO3M6MjI6Imh0dHA6Ly9sYXJhbW90ZWx5LnRlc3QiO31zOjY6Il9mbGFzaCI7YToyOntzOjM6Im9sZCI7YTowOnt9czozOiJuZXciO2E6MDp7fX19',1631797744),('8yaZc0G0rYWFUc3sPSswzJh2LW8L0gSQgwvS9ljh',NULL,'127.0.0.1','Mozilla/5.0 (X11; Linux x86_64) AppleWebKit/537.36 (KHTML, like Gecko) Chrome/93.0.4577.63 Safari/537.36','YTozOntzOjY6Il90b2tlbiI7czo0MDoia0ZuRkY0NlZFVnJmcWxuOGhEVkdXYThrYWw2OVBqV0lCZk1EV0E1SCI7czo5OiJfcHJldmlvdXMiO2E6MTp7czozOiJ1cmwiO3M6MjI6Imh0dHA6Ly9sYXJhbW90ZWx5LnRlc3QiO31zOjY6Il9mbGFzaCI7YToyOntzOjM6Im9sZCI7YTowOnt9czozOiJuZXciO2E6MDp7fX19',1631796699),('9AtOgMpdsCmBQ3M5eI1fJmWRz9s1mnSFMYLMUC56',NULL,'127.0.0.1','Mozilla/5.0 (X11; Linux x86_64) AppleWebKit/537.36 (KHTML, like Gecko) Chrome/93.0.4577.63 Safari/537.36','YToyOntzOjY6Il90b2tlbiI7czo0MDoiTTZhWFdjMXFFZzJGeU9MeDhxcWJxMGNpb2VLNWNzMmxKQnVCWExJSSI7czo2OiJfZmxhc2giO2E6Mjp7czozOiJvbGQiO2E6MDp7fXM6MzoibmV3IjthOjA6e319fQ==',1631793699),('9RAug3Sze76YAvJQ4Kk2blZWE3OaY5nd9qTzFOXb',NULL,'127.0.0.1','Mozilla/5.0 (X11; Linux x86_64) AppleWebKit/537.36 (KHTML, like Gecko) Chrome/93.0.4577.63 Safari/537.36','YToyOntzOjY6Il90b2tlbiI7czo0MDoiT3QyaE94SHFpZXRUQnpZTzM5dmJwclhHMTZMemtLUlRwbFRJWWNQSiI7czo2OiJfZmxhc2giO2E6Mjp7czozOiJvbGQiO2E6MDp7fXM6MzoibmV3IjthOjA6e319fQ==',1631793722),('9WFRabS7iCdTNOVJOEYbLepsnUjQPhJAWKkJZsyT',NULL,'127.0.0.1','Mozilla/5.0 (X11; Linux x86_64) AppleWebKit/537.36 (KHTML, like Gecko) Chrome/93.0.4577.63 Safari/537.36','YTozOntzOjY6Il90b2tlbiI7czo0MDoiQThLclVPTXY2RmZuSEp5YVlCQk1ldmYxSEo4MmdDZmZjZWVPTThXaiI7czo5OiJfcHJldmlvdXMiO2E6MTp7czozOiJ1cmwiO3M6MjI6Imh0dHA6Ly9sYXJhbW90ZWx5LnRlc3QiO31zOjY6Il9mbGFzaCI7YToyOntzOjM6Im9sZCI7YTowOnt9czozOiJuZXciO2E6MDp7fX19',1631798565),('AA6ZFHofD33bEkasAHYxlky4WjDIhVrNdEwTBOw3',NULL,'127.0.0.1','Mozilla/5.0 (X11; Linux x86_64) AppleWebKit/537.36 (KHTML, like Gecko) Chrome/93.0.4577.63 Safari/537.36','YTozOntzOjY6Il90b2tlbiI7czo0MDoiVTMzTDYwNnR6R1VPMVE1UUFubElRQnAxOE9ReEtGQVRuWFE5RDhZTCI7czo5OiJfcHJldmlvdXMiO2E6MTp7czozOiJ1cmwiO3M6Mjg6Imh0dHA6Ly9sYXJhbW90ZWx5LnRlc3QvbG9naW4iO31zOjY6Il9mbGFzaCI7YToyOntzOjM6Im9sZCI7YTowOnt9czozOiJuZXciO2E6MDp7fX19',1631792997),('aFFytG9SLBNhIMkyrTseE21doMMxBtvoT1Yck8vK',NULL,'127.0.0.1','Mozilla/5.0 (X11; Linux x86_64) AppleWebKit/537.36 (KHTML, like Gecko) Chrome/93.0.4577.63 Safari/537.36','YToyOntzOjY6Il90b2tlbiI7czo0MDoiUlhuZkhhdWlzRk5kd0R2R3V5enZOdngxYWNTYkFmSkY3QzZxaEJEbCI7czo2OiJfZmxhc2giO2E6Mjp7czozOiJvbGQiO2E6MDp7fXM6MzoibmV3IjthOjA6e319fQ==',1631793303),('aZ9zrKQa3UAzdhK134tUWujleSS3nQ07vj2Ae2hc',NULL,'127.0.0.1','Mozilla/5.0 (X11; Linux x86_64) AppleWebKit/537.36 (KHTML, like Gecko) Chrome/93.0.4577.63 Safari/537.36','YTozOntzOjY6Il90b2tlbiI7czo0MDoiRll4S1R1eU9VaGxzM2hnb3dHcGYwSEdiQ2pLQWpNS1UwM3pKUXlxTCI7czo5OiJfcHJldmlvdXMiO2E6MTp7czozOiJ1cmwiO3M6MzQ6Imh0dHA6Ly9sYXJhbW90ZWx5LnRlc3QvYWRtaW4vbG9naW4iO31zOjY6Il9mbGFzaCI7YToyOntzOjM6Im9sZCI7YTowOnt9czozOiJuZXciO2E6MDp7fX19',1631793003),('BDw4KdymB9P9CeiixnNHLbzgZ8thaj36wbk7PgTN',NULL,'127.0.0.1','Mozilla/5.0 (X11; Linux x86_64) AppleWebKit/537.36 (KHTML, like Gecko) Chrome/93.0.4577.63 Safari/537.36','YTozOntzOjY6Il90b2tlbiI7czo0MDoicEpkZUZBNDNpQVdMM2JkeWJQQ1MyZ2VoSW12SnJ1OEdsVzl3Wmx6WCI7czo5OiJfcHJldmlvdXMiO2E6MTp7czozOiJ1cmwiO3M6MzQ6Imh0dHA6Ly9sYXJhbW90ZWx5LnRlc3QvYWRtaW4vbG9naW4iO31zOjY6Il9mbGFzaCI7YToyOntzOjM6Im9sZCI7YTowOnt9czozOiJuZXciO2E6MDp7fX19',1631793096),('Bv5Lv5n5g3vh1jqI8nCZz4VbahG344JleTuC4ZXo',NULL,'127.0.0.1','Mozilla/5.0 (X11; Linux x86_64) AppleWebKit/537.36 (KHTML, like Gecko) Chrome/93.0.4577.63 Safari/537.36','YTozOntzOjY6Il90b2tlbiI7czo0MDoiN01IcWh1VnRxN1Zka1NUS2N4ZnBqVkZHQWJQakFjdUdhYWhNQjdyeCI7czo5OiJfcHJldmlvdXMiO2E6MTp7czozOiJ1cmwiO3M6NjQ6Imh0dHA6Ly9sYXJhbW90ZWx5LnRlc3QvYWRtaW4vdm95YWdlci1hc3NldHM/cGF0aD1pbWFnZXMlMkZiZy5qcGciO31zOjY6Il9mbGFzaCI7YToyOntzOjM6Im9sZCI7YTowOnt9czozOiJuZXciO2E6MDp7fX19',1631793206),('cOwGbMMc3uj88Ldk6Hu3gkJtJtQENQwhQuZL796O',NULL,'127.0.0.1','Mozilla/5.0 (X11; Linux x86_64) AppleWebKit/537.36 (KHTML, like Gecko) Chrome/93.0.4577.63 Safari/537.36','YTozOntzOjY6Il90b2tlbiI7czo0MDoiU3ZjaFFOeDNEaE1HT2tGVWNHOWp5MGN2U01jYnVYd2ZLRWVyU0JRYSI7czo5OiJfcHJldmlvdXMiO2E6MTp7czozOiJ1cmwiO3M6MjI6Imh0dHA6Ly9sYXJhbW90ZWx5LnRlc3QiO31zOjY6Il9mbGFzaCI7YToyOntzOjM6Im9sZCI7YTowOnt9czozOiJuZXciO2E6MDp7fX19',1631797173),('dJXnVXvkA890chAYl0nUW1wdI7YGQ3e32xeBzsUV',NULL,'127.0.0.1','Mozilla/5.0 (X11; Linux x86_64) AppleWebKit/537.36 (KHTML, like Gecko) Chrome/93.0.4577.63 Safari/537.36','YTozOntzOjY6Il90b2tlbiI7czo0MDoib1BJZUY4SXdoS1EyOEN6Tlllc01OeHJ4MWRXT0JWVlFnTENXU3U1QSI7czo5OiJfcHJldmlvdXMiO2E6MTp7czozOiJ1cmwiO3M6MjI6Imh0dHA6Ly9sYXJhbW90ZWx5LnRlc3QiO31zOjY6Il9mbGFzaCI7YToyOntzOjM6Im9sZCI7YTowOnt9czozOiJuZXciO2E6MDp7fX19',1631798593),('e3b0o0LjfBLg4QgsjnI7Rivc23qiLv7UAq9IifGz',NULL,'127.0.0.1','Mozilla/5.0 (X11; Linux x86_64) AppleWebKit/537.36 (KHTML, like Gecko) Chrome/93.0.4577.63 Safari/537.36','YTozOntzOjY6Il90b2tlbiI7czo0MDoib081aDVSU01oQXBrT2ZSaGNZRjBXcFZ2Qk03TmZOdExUVDNsRHVDNyI7czo5OiJfcHJldmlvdXMiO2E6MTp7czozOiJ1cmwiO3M6MjI6Imh0dHA6Ly9sYXJhbW90ZWx5LnRlc3QiO31zOjY6Il9mbGFzaCI7YToyOntzOjM6Im9sZCI7YTowOnt9czozOiJuZXciO2E6MDp7fX19',1631798315),('F4NZTXF5bJGLJX1fNM2H4oHyMX2tSsIV2g0nVdgn',NULL,'127.0.0.1','Mozilla/5.0 (X11; Linux x86_64) AppleWebKit/537.36 (KHTML, like Gecko) Chrome/93.0.4577.63 Safari/537.36','YTozOntzOjY6Il90b2tlbiI7czo0MDoid2w2QmpDSGhsSXVnRkpGdENjQmdkWUpORnNNandvc3ZMSHoxb1VkZSI7czo5OiJfcHJldmlvdXMiO2E6MTp7czozOiJ1cmwiO3M6MjI6Imh0dHA6Ly9sYXJhbW90ZWx5LnRlc3QiO31zOjY6Il9mbGFzaCI7YToyOntzOjM6Im9sZCI7YTowOnt9czozOiJuZXciO2E6MDp7fX19',1631796875),('feZ0g3KrIpO2U6oyOizMcGlcExlykL6ofBnCK7tG',NULL,'127.0.0.1','Mozilla/5.0 (X11; Linux x86_64) AppleWebKit/537.36 (KHTML, like Gecko) Chrome/93.0.4577.63 Safari/537.36','YTozOntzOjY6Il90b2tlbiI7czo0MDoiMlpXcWM1YUdLV1dMZktiQVRxcFZsck5KQW9HaXB0SWx4ZE5YRHA5byI7czo5OiJfcHJldmlvdXMiO2E6MTp7czozOiJ1cmwiO3M6NjI6Imh0dHA6Ly9sYXJhbW90ZWx5LnRlc3QvYWRtaW4vdm95YWdlci1hc3NldHM/cGF0aD1jc3MlMkZhcHAuY3NzIjt9czo2OiJfZmxhc2giO2E6Mjp7czozOiJvbGQiO2E6MDp7fXM6MzoibmV3IjthOjA6e319fQ==',1631793206),('FgKdw3zgdNL7hk9aaw2fbxJf7FtDW2LUIGXyBwxK',NULL,'127.0.0.1','Mozilla/5.0 (X11; Linux x86_64) AppleWebKit/537.36 (KHTML, like Gecko) Chrome/93.0.4577.63 Safari/537.36','YToyOntzOjY6Il90b2tlbiI7czo0MDoiQzI5U3pBeUUxYU5ub1luU3k1V2ZjNzBiSUhRZFQ1TXlZMEZCTXh4SyI7czo2OiJfZmxhc2giO2E6Mjp7czozOiJvbGQiO2E6MDp7fXM6MzoibmV3IjthOjA6e319fQ==',1631792958),('fHDCPT7pf8S2H5j4OTY8ZtNzgBYU4dC9ziQlHq9U',NULL,'127.0.0.1','Mozilla/5.0 (X11; Linux x86_64) AppleWebKit/537.36 (KHTML, like Gecko) Chrome/93.0.4577.63 Safari/537.36','YToyOntzOjY6Il90b2tlbiI7czo0MDoiMVVEcDhFbVo4Q2o2VkxHZkNOSjBySGVHZ0UxR3VwQkpNUlo5N1VuQyI7czo2OiJfZmxhc2giO2E6Mjp7czozOiJvbGQiO2E6MDp7fXM6MzoibmV3IjthOjA6e319fQ==',1631793708),('FNQr886hXO5rIbS5pWx4bYjxm6sF0ZKkpIAfotb8',NULL,'127.0.0.1','Mozilla/5.0 (X11; Linux x86_64) AppleWebKit/537.36 (KHTML, like Gecko) Chrome/93.0.4577.63 Safari/537.36','YTozOntzOjY6Il90b2tlbiI7czo0MDoiQW9VZzN2Y05WR3l0UDBiVlNtbWRsTWt3bVVwQ0hZS04wTjUyUmVXViI7czo5OiJfcHJldmlvdXMiO2E6MTp7czozOiJ1cmwiO3M6MjI6Imh0dHA6Ly9sYXJhbW90ZWx5LnRlc3QiO31zOjY6Il9mbGFzaCI7YToyOntzOjM6Im9sZCI7YTowOnt9czozOiJuZXciO2E6MDp7fX19',1631797029),('GLUiqc5eUf93ENKyYCc3YeKFSZUuhEC2OX6Vu1g4',NULL,'127.0.0.1','Mozilla/5.0 (X11; Linux x86_64) AppleWebKit/537.36 (KHTML, like Gecko) Chrome/93.0.4577.63 Safari/537.36','YToyOntzOjY6Il90b2tlbiI7czo0MDoiNENZdnZNWmUwaXlRdlFqc0F5QlhvRXFpQXFXMGs2cDdOeVF0SnlKViI7czo2OiJfZmxhc2giO2E6Mjp7czozOiJvbGQiO2E6MDp7fXM6MzoibmV3IjthOjA6e319fQ==',1631793212),('HfvrzMNp5RTYAHivh5636IQDzB0tsWAwVLvdRRUW',NULL,'127.0.0.1','Mozilla/5.0 (X11; Linux x86_64) AppleWebKit/537.36 (KHTML, like Gecko) Chrome/93.0.4577.63 Safari/537.36','YTozOntzOjY6Il90b2tlbiI7czo0MDoiOFNzNks1SnhHZENYa3dOOUFTanNFZmJZaWNmZEJ5VjJrYUE5ODhWTSI7czo5OiJfcHJldmlvdXMiO2E6MTp7czozOiJ1cmwiO3M6MjI6Imh0dHA6Ly9sYXJhbW90ZWx5LnRlc3QiO31zOjY6Il9mbGFzaCI7YToyOntzOjM6Im9sZCI7YTowOnt9czozOiJuZXciO2E6MDp7fX19',1631798375),('hyFawaUKSB5xNRD1A7nR9Oj9jcP17YoY6TVJouQp',NULL,'127.0.0.1','Mozilla/5.0 (X11; Linux x86_64) AppleWebKit/537.36 (KHTML, like Gecko) Chrome/93.0.4577.63 Safari/537.36','YTozOntzOjY6Il90b2tlbiI7czo0MDoiZ3R2YVRjUDBkajFtMFllaHU4RXRYVzdONk9qWWgzOER5U2hzNnZYUCI7czo5OiJfcHJldmlvdXMiO2E6MTp7czozOiJ1cmwiO3M6MjI6Imh0dHA6Ly9sYXJhbW90ZWx5LnRlc3QiO31zOjY6Il9mbGFzaCI7YToyOntzOjM6Im9sZCI7YTowOnt9czozOiJuZXciO2E6MDp7fX19',1631796578),('HZVM70nzl3aMjrovpRQ9NgkxAQhHZepF82DWAm6E',NULL,'127.0.0.1','Mozilla/5.0 (X11; Linux x86_64) AppleWebKit/537.36 (KHTML, like Gecko) Chrome/93.0.4577.63 Safari/537.36','YTozOntzOjY6Il90b2tlbiI7czo0MDoicDVCWHRNUktodGVvODlsZmxReXRETWxiQmw3UlVsamVMSW90VU5EdSI7czo5OiJfcHJldmlvdXMiO2E6MTp7czozOiJ1cmwiO3M6MjI6Imh0dHA6Ly9sYXJhbW90ZWx5LnRlc3QiO31zOjY6Il9mbGFzaCI7YToyOntzOjM6Im9sZCI7YTowOnt9czozOiJuZXciO2E6MDp7fX19',1631798616),('iKLhwZixwzCA1sZieUVmawoovHJy5BqFkGSlwBpN',NULL,'127.0.0.1','Mozilla/5.0 (X11; Linux x86_64) AppleWebKit/537.36 (KHTML, like Gecko) Chrome/93.0.4577.63 Safari/537.36','YTozOntzOjY6Il90b2tlbiI7czo0MDoiZk9LQ2N6VklwUmI3cXN0bUM5TU94YUZOajRObjJHdDM5MFMwSldubSI7czo5OiJfcHJldmlvdXMiO2E6MTp7czozOiJ1cmwiO3M6MjI6Imh0dHA6Ly9sYXJhbW90ZWx5LnRlc3QiO31zOjY6Il9mbGFzaCI7YToyOntzOjM6Im9sZCI7YTowOnt9czozOiJuZXciO2E6MDp7fX19',1631797990),('IS3twejaXJlVC4U4zQgr4kD4Fugh22pwElEn6WQy',NULL,'127.0.0.1','Mozilla/5.0 (X11; Linux x86_64) AppleWebKit/537.36 (KHTML, like Gecko) Chrome/93.0.4577.63 Safari/537.36','YTozOntzOjY6Il90b2tlbiI7czo0MDoiS1k0aWY2QjAxVkJRekIwdTNOZjJUSXJmMWxlYlpoOGpmeWtZM2V5cCI7czo5OiJfcHJldmlvdXMiO2E6MTp7czozOiJ1cmwiO3M6MzQ6Imh0dHA6Ly9sYXJhbW90ZWx5LnRlc3QvYWRtaW4vbG9naW4iO31zOjY6Il9mbGFzaCI7YToyOntzOjM6Im9sZCI7YTowOnt9czozOiJuZXciO2E6MDp7fX19',1631793738),('JDkinyEU85XK2BZMGIrkSPmoUxc56otHrHxNkBkA',NULL,'127.0.0.1','Mozilla/5.0 (X11; Linux x86_64) AppleWebKit/537.36 (KHTML, like Gecko) Chrome/93.0.4577.63 Safari/537.36','YTozOntzOjY6Il90b2tlbiI7czo0MDoiNUx2YlNRSjFTbElzUTlmb2c4cWxMbFlxTU94Ulc5QnBhWnZhUlMwSiI7czo5OiJfcHJldmlvdXMiO2E6MTp7czozOiJ1cmwiO3M6Mjg6Imh0dHA6Ly9sYXJhbW90ZWx5LnRlc3QvbG9naW4iO31zOjY6Il9mbGFzaCI7YToyOntzOjM6Im9sZCI7YTowOnt9czozOiJuZXciO2E6MDp7fX19',1631795932),('JpRzanYpKyALVuDfNQuFxLBMztipAcq7aSDOhekg',NULL,'127.0.0.1','Mozilla/5.0 (X11; Linux x86_64) AppleWebKit/537.36 (KHTML, like Gecko) Chrome/93.0.4577.63 Safari/537.36','YTozOntzOjY6Il90b2tlbiI7czo0MDoiOU10cDRvcmd2ekhWbTA5Vk9QN3NSRjlvaFBUcU9SQnN2a09GNFlqRCI7czo5OiJfcHJldmlvdXMiO2E6MTp7czozOiJ1cmwiO3M6MjI6Imh0dHA6Ly9sYXJhbW90ZWx5LnRlc3QiO31zOjY6Il9mbGFzaCI7YToyOntzOjM6Im9sZCI7YTowOnt9czozOiJuZXciO2E6MDp7fX19',1631798582),('KiW4NjbxrTY2LP8VFI7MQpldcamzHQA4DGKXKuYp',NULL,'127.0.0.1','Mozilla/5.0 (X11; Linux x86_64) AppleWebKit/537.36 (KHTML, like Gecko) Chrome/93.0.4577.63 Safari/537.36 OPR/79.0.4143.22','YTozOntzOjY6Il90b2tlbiI7czo0MDoiOG5xa0pGd1BPOEJ6emJycFFmS0FpTkVMeWk0MGV0cGtoeldaVzdsUCI7czo5OiJfcHJldmlvdXMiO2E6MTp7czozOiJ1cmwiO3M6NjQ6Imh0dHA6Ly9sYXJhbW90ZWx5LnRlc3QvYWRtaW4vdm95YWdlci1hc3NldHM/cGF0aD1pbWFnZXMlMkZiZy5qcGciO31zOjY6Il9mbGFzaCI7YToyOntzOjM6Im9sZCI7YTowOnt9czozOiJuZXciO2E6MDp7fX19',1631793028),('KNH1e64TbhC1WSf4CoNuaIugCLQ0FdpbCPBDv926',NULL,'127.0.0.1','Mozilla/5.0 (X11; Linux x86_64) AppleWebKit/537.36 (KHTML, like Gecko) Chrome/93.0.4577.63 Safari/537.36','YTozOntzOjY6Il90b2tlbiI7czo0MDoiQTJHcEZ2aEhiY2Q0b29TcnVpcjVuUVdRSXJac2d3TnVkN3NyR1VxNCI7czo5OiJfcHJldmlvdXMiO2E6MTp7czozOiJ1cmwiO3M6MjI6Imh0dHA6Ly9sYXJhbW90ZWx5LnRlc3QiO31zOjY6Il9mbGFzaCI7YToyOntzOjM6Im9sZCI7YTowOnt9czozOiJuZXciO2E6MDp7fX19',1631796183),('KpNN37HRY2XWeS7NJMIrzoySUf4kCjAAoNbp52qV',NULL,'127.0.0.1','Mozilla/5.0 (X11; Linux x86_64) AppleWebKit/537.36 (KHTML, like Gecko) Chrome/93.0.4577.63 Safari/537.36','YTozOntzOjY6Il90b2tlbiI7czo0MDoiRHk4cG9LS01LbWd6dDh3blJPSUJKdlhXV01wdGh6Nk9tdmNvMmtuRiI7czo5OiJfcHJldmlvdXMiO2E6MTp7czozOiJ1cmwiO3M6MjI6Imh0dHA6Ly9sYXJhbW90ZWx5LnRlc3QiO31zOjY6Il9mbGFzaCI7YToyOntzOjM6Im9sZCI7YTowOnt9czozOiJuZXciO2E6MDp7fX19',1631798633),('ktdldk1pz0OmskbJsuUMUsc014A5tU5o7tMpG1UJ',NULL,'127.0.0.1','Mozilla/5.0 (X11; Linux x86_64) AppleWebKit/537.36 (KHTML, like Gecko) Chrome/93.0.4577.63 Safari/537.36 OPR/79.0.4143.22','YTozOntzOjY6Il90b2tlbiI7czo0MDoiYVVUbzN3UUFjWExETTF0c2VoOEp5TUxKMUJ3eXpGNVlxcE1ES09UTyI7czo5OiJfcHJldmlvdXMiO2E6MTp7czozOiJ1cmwiO3M6Nzc6Imh0dHA6Ly9sYXJhbW90ZWx5LnRlc3QvYWRtaW4vdm95YWdlci1hc3NldHM/cGF0aD1pbWFnZXMlMkZsb2dvLWljb24tbGlnaHQucG5nIjt9czo2OiJfZmxhc2giO2E6Mjp7czozOiJvbGQiO2E6MDp7fXM6MzoibmV3IjthOjA6e319fQ==',1631793022),('kUpR1SUWzq3iH0VnYyFOUEqwcOl3XCbhaMzkxRPV',NULL,'127.0.0.1','Mozilla/5.0 (X11; Linux x86_64) AppleWebKit/537.36 (KHTML, like Gecko) Chrome/93.0.4577.63 Safari/537.36','YTozOntzOjY6Il90b2tlbiI7czo0MDoicHBnbVJteEJZUUlzMkFjMHZybnVXRFIwb3RwR3YxY0d0d2R6ZmNmdSI7czo5OiJfcHJldmlvdXMiO2E6MTp7czozOiJ1cmwiO3M6MjI6Imh0dHA6Ly9sYXJhbW90ZWx5LnRlc3QiO31zOjY6Il9mbGFzaCI7YToyOntzOjM6Im9sZCI7YTowOnt9czozOiJuZXciO2E6MDp7fX19',1631797224),('Mc25WCc2bcqMrzoxNbl0wpKeRuuU07fddinrajc6',NULL,'127.0.0.1','Mozilla/5.0 (X11; Linux x86_64) AppleWebKit/537.36 (KHTML, like Gecko) Chrome/93.0.4577.63 Safari/537.36','YTozOntzOjY6Il90b2tlbiI7czo0MDoiQ2g1SnVCT3BDelE4aGFEY2JHS1FjVVRkZGJIS2JCZmRuOUZaWGFEcSI7czo5OiJfcHJldmlvdXMiO2E6MTp7czozOiJ1cmwiO3M6MjI6Imh0dHA6Ly9sYXJhbW90ZWx5LnRlc3QiO31zOjY6Il9mbGFzaCI7YToyOntzOjM6Im9sZCI7YTowOnt9czozOiJuZXciO2E6MDp7fX19',1631796435),('meL423HJiNVduAcr3i2bwxtMM83SWBUfp8j4sujS',NULL,'127.0.0.1','Mozilla/5.0 (X11; Linux x86_64) AppleWebKit/537.36 (KHTML, like Gecko) Chrome/93.0.4577.63 Safari/537.36','YToyOntzOjY6Il90b2tlbiI7czo0MDoiY1ppUWlTUENFSVFaeFo0T0RWSlNFYm9uTExhNkcxNzhsSHlEN0MzbyI7czo2OiJfZmxhc2giO2E6Mjp7czozOiJvbGQiO2E6MDp7fXM6MzoibmV3IjthOjA6e319fQ==',1631793746),('MmjZQWeDKUROcWx499UzLZRunMwLQAqV7qugChP0',NULL,'127.0.0.1','Mozilla/5.0 (X11; Linux x86_64) AppleWebKit/537.36 (KHTML, like Gecko) Chrome/93.0.4577.63 Safari/537.36','YTozOntzOjY6Il90b2tlbiI7czo0MDoiMU9OTVZtaXllRDBXODdCS3VrSk9uSHNySUx3c0R4Vlh0MlRab2h5biI7czo5OiJfcHJldmlvdXMiO2E6MTp7czozOiJ1cmwiO3M6MjI6Imh0dHA6Ly9sYXJhbW90ZWx5LnRlc3QiO31zOjY6Il9mbGFzaCI7YToyOntzOjM6Im9sZCI7YTowOnt9czozOiJuZXciO2E6MDp7fX19',1631797601),('MqsptDTERmPoxx56EbwKGT9RJk5lVVa5PYVCz97j',NULL,'127.0.0.1','Mozilla/5.0 (X11; Linux x86_64) AppleWebKit/537.36 (KHTML, like Gecko) Chrome/93.0.4577.63 Safari/537.36','YTozOntzOjY6Il90b2tlbiI7czo0MDoiRGVkN2xvWlRnckRWbFhMeFBSNnNsVjMwQXI0dHhaeG5YSWNKZ1VwQyI7czo5OiJfcHJldmlvdXMiO2E6MTp7czozOiJ1cmwiO3M6MjI6Imh0dHA6Ly9sYXJhbW90ZWx5LnRlc3QiO31zOjY6Il9mbGFzaCI7YToyOntzOjM6Im9sZCI7YTowOnt9czozOiJuZXciO2E6MDp7fX19',1631797098),('myd4hcIvL5b70ak4eTAPu8dhxLkTiuhADIjoQszt',NULL,'127.0.0.1','Mozilla/5.0 (X11; Linux x86_64) AppleWebKit/537.36 (KHTML, like Gecko) Chrome/93.0.4577.63 Safari/537.36','YToyOntzOjY6Il90b2tlbiI7czo0MDoiR09IZnR3cjhFM0dFQ29ERG5QdWxlam42M2J5MHNNbE9MekJBUEU3dCI7czo2OiJfZmxhc2giO2E6Mjp7czozOiJvbGQiO2E6MDp7fXM6MzoibmV3IjthOjA6e319fQ==',1631793015),('MYlVjjqqdbrBfKOUAT9BwPdXEvepxgwNGcfiwoj3',NULL,'127.0.0.1','Mozilla/5.0 (X11; Linux x86_64) AppleWebKit/537.36 (KHTML, like Gecko) Chrome/93.0.4577.63 Safari/537.36','YTozOntzOjY6Il90b2tlbiI7czo0MDoicndMNDV4YjFodDRKZEh0YjFWTTZlaVg5VWszU1BEUkxBSklUNzJHZCI7czo5OiJfcHJldmlvdXMiO2E6MTp7czozOiJ1cmwiO3M6MjI6Imh0dHA6Ly9sYXJhbW90ZWx5LnRlc3QiO31zOjY6Il9mbGFzaCI7YToyOntzOjM6Im9sZCI7YTowOnt9czozOiJuZXciO2E6MDp7fX19',1631797665),('n4ZjJjIh1QuIVMGkXb6eCXNaVsRFN96uHscrHirf',NULL,'127.0.0.1','Mozilla/5.0 (X11; Linux x86_64) AppleWebKit/537.36 (KHTML, like Gecko) Chrome/93.0.4577.63 Safari/537.36','YTozOntzOjY6Il90b2tlbiI7czo0MDoiRlY5cWp2M1pGaEVYeGdUbFczcUV1V0lUWVc0QWhIU0VBN1VMWjBLVCI7czo5OiJfcHJldmlvdXMiO2E6MTp7czozOiJ1cmwiO3M6MzQ6Imh0dHA6Ly9sYXJhbW90ZWx5LnRlc3QvYWRtaW4vbG9naW4iO31zOjY6Il9mbGFzaCI7YToyOntzOjM6Im9sZCI7YTowOnt9czozOiJuZXciO2E6MDp7fX19',1631793206),('nz1UQ0cytRuM0t7PQeWOcG9hGTX3OjnSkTpFxunL',NULL,'127.0.0.1','Mozilla/5.0 (X11; Linux x86_64) AppleWebKit/537.36 (KHTML, like Gecko) Chrome/93.0.4577.63 Safari/537.36','YTozOntzOjY6Il90b2tlbiI7czo0MDoiYUhxcUtmekQ0U0Z2Q1Z2Y1NRY3ZyTnJtTlpyeHc2ZGZZSXM5a2RBZyI7czo5OiJfcHJldmlvdXMiO2E6MTp7czozOiJ1cmwiO3M6MjI6Imh0dHA6Ly9sYXJhbW90ZWx5LnRlc3QiO31zOjY6Il9mbGFzaCI7YToyOntzOjM6Im9sZCI7YTowOnt9czozOiJuZXciO2E6MDp7fX19',1631797615),('o9bNFqh6fUnDBlWiehIj1CwA3KlNscfwWcDtihTc',NULL,'127.0.0.1','Mozilla/5.0 (X11; Linux x86_64) AppleWebKit/537.36 (KHTML, like Gecko) Chrome/93.0.4577.63 Safari/537.36','YTozOntzOjY6Il90b2tlbiI7czo0MDoiMm00YjVXUFB6RVVGNURwZWNGR2p3QmNlQmNYNklRbHhYNzdLb0llZyI7czo5OiJfcHJldmlvdXMiO2E6MTp7czozOiJ1cmwiO3M6MjI6Imh0dHA6Ly9sYXJhbW90ZWx5LnRlc3QiO31zOjY6Il9mbGFzaCI7YToyOntzOjM6Im9sZCI7YTowOnt9czozOiJuZXciO2E6MDp7fX19',1631797064),('omb75thGLedVfjaIpxZ9dguvBhSFx14DoG7PB66a',NULL,'127.0.0.1','Mozilla/5.0 (X11; Linux x86_64) AppleWebKit/537.36 (KHTML, like Gecko) Chrome/93.0.4577.63 Safari/537.36','YTozOntzOjY6Il90b2tlbiI7czo0MDoielhMVk9xbHNZUmdEWExBSmxuOW42dTdyU1lBcTF6d09XTXF4V241UCI7czo5OiJfcHJldmlvdXMiO2E6MTp7czozOiJ1cmwiO3M6MjI6Imh0dHA6Ly9sYXJhbW90ZWx5LnRlc3QiO31zOjY6Il9mbGFzaCI7YToyOntzOjM6Im9sZCI7YTowOnt9czozOiJuZXciO2E6MDp7fX19',1631797594),('OTvGEIA6TCHtb1uVOFxYhx6C1SXNekSOv8brlfqa',NULL,'127.0.0.1','Mozilla/5.0 (X11; Linux x86_64) AppleWebKit/537.36 (KHTML, like Gecko) Chrome/93.0.4577.63 Safari/537.36','YTozOntzOjY6Il90b2tlbiI7czo0MDoiWjh6VnF5aGVQRktoRkh2b1ZiNWtSQUxiVGpmMWdYc1p2dG41UFhvdSI7czo5OiJfcHJldmlvdXMiO2E6MTp7czozOiJ1cmwiO3M6MjI6Imh0dHA6Ly9sYXJhbW90ZWx5LnRlc3QiO31zOjY6Il9mbGFzaCI7YToyOntzOjM6Im9sZCI7YTowOnt9czozOiJuZXciO2E6MDp7fX19',1631796768),('OwZErZ3eaB6rEtBpGGB9yOUo4BcCTecZnZEYVhz4',1,'127.0.0.1','Mozilla/5.0 (X11; Linux x86_64) AppleWebKit/537.36 (KHTML, like Gecko) Chrome/93.0.4577.63 Safari/537.36','YTo1OntzOjY6Il90b2tlbiI7czo0MDoiaFVTeW91cGNhQ212bnhkWDFNMVkybmxYc09rODFqdktoeTVHNklhWSI7czo5OiJfcHJldmlvdXMiO2E6MTp7czozOiJ1cmwiO3M6NDg6Imh0dHA6Ly93d3cubGFyYW1vdGVseS50ZXN0L2FkbWluL21lbnVzLzIvYnVpbGRlciI7fXM6NjoiX2ZsYXNoIjthOjI6e3M6Mzoib2xkIjthOjA6e31zOjM6Im5ldyI7YTowOnt9fXM6NTA6ImxvZ2luX3dlYl81OWJhMzZhZGRjMmIyZjk0MDE1ODBmMDE0YzdmNThlYTRlMzA5ODlkIjtpOjE7czoxNzoicGFzc3dvcmRfaGFzaF93ZWIiO3M6NjA6IiQyeSQxMCRKOUIzTkxiWVZrdW9wN09peDlpYTJPN1hyMDdWS3dLYjUvVnFwRzhsNkFMVWF1cGNhTWdBUyI7fQ==',1631793995),('Pd7YiaqJ17QI2MIV1rhaTF6aUBkR0c1tnqhyTDUP',NULL,'127.0.0.1','Mozilla/5.0 (X11; Linux x86_64) AppleWebKit/537.36 (KHTML, like Gecko) Chrome/93.0.4577.63 Safari/537.36','YTozOntzOjY6Il90b2tlbiI7czo0MDoiZ1RFTlkyRzJkN0hPVEY2bEx5Mm44bGk3amtpQjZjeTE3azNLU0Y2cCI7czo5OiJfcHJldmlvdXMiO2E6MTp7czozOiJ1cmwiO3M6Mjg6Imh0dHA6Ly9sYXJhbW90ZWx5LnRlc3QvbG9naW4iO31zOjY6Il9mbGFzaCI7YToyOntzOjM6Im9sZCI7YTowOnt9czozOiJuZXciO2E6MDp7fX19',1631793088),('pZTqBBJzGMbddahyb0rSkBXYSw0UWFG3izHkJ5Pc',NULL,'127.0.0.1','Mozilla/5.0 (X11; Linux x86_64) AppleWebKit/537.36 (KHTML, like Gecko) Chrome/93.0.4577.63 Safari/537.36','YTozOntzOjY6Il90b2tlbiI7czo0MDoiWFZ5Ymk0c2dQZE5SeGxMaXpXWE05c3dkaW5OeE1zZURhb0IwZWxBYiI7czo5OiJfcHJldmlvdXMiO2E6MTp7czozOiJ1cmwiO3M6MjI6Imh0dHA6Ly9sYXJhbW90ZWx5LnRlc3QiO31zOjY6Il9mbGFzaCI7YToyOntzOjM6Im9sZCI7YTowOnt9czozOiJuZXciO2E6MDp7fX19',1631797074),('q2HGA7YqpVK5CU5FioE68D7jkwovRw0CzWR2fqnu',NULL,'127.0.0.1','Mozilla/5.0 (X11; Linux x86_64) AppleWebKit/537.36 (KHTML, like Gecko) Chrome/93.0.4577.63 Safari/537.36','YTozOntzOjY6Il90b2tlbiI7czo0MDoiQkJNcHFNTVVJWlVLZjRVNG93bjg3RmFVQnZneTBNNHoyeENJVEhITiI7czo5OiJfcHJldmlvdXMiO2E6MTp7czozOiJ1cmwiO3M6MjI6Imh0dHA6Ly9sYXJhbW90ZWx5LnRlc3QiO31zOjY6Il9mbGFzaCI7YToyOntzOjM6Im9sZCI7YTowOnt9czozOiJuZXciO2E6MDp7fX19',1631797510),('Q9s1Zx0P5QZK8MJfK71bMewza3asRrYaVbaed2j9',NULL,'127.0.0.1','Mozilla/5.0 (X11; Linux x86_64) AppleWebKit/537.36 (KHTML, like Gecko) Chrome/93.0.4577.63 Safari/537.36','YTozOntzOjY6Il90b2tlbiI7czo0MDoic1duMDdjRjlGN0dnSGVMckp1d1FlRjdXN3N3bWk4blY3aTZPSVpCQSI7czo5OiJfcHJldmlvdXMiO2E6MTp7czozOiJ1cmwiO3M6MjI6Imh0dHA6Ly9sYXJhbW90ZWx5LnRlc3QiO31zOjY6Il9mbGFzaCI7YToyOntzOjM6Im9sZCI7YTowOnt9czozOiJuZXciO2E6MDp7fX19',1631797157),('qf6bY7eRfnbL23SPHr9FujYhcr7Jk1fv36fTEC9N',NULL,'127.0.0.1','Mozilla/5.0 (X11; Linux x86_64) AppleWebKit/537.36 (KHTML, like Gecko) Chrome/93.0.4577.63 Safari/537.36','YTozOntzOjY6Il90b2tlbiI7czo0MDoiUUJXYXBrN3JsSWt0VWk0R0xGVlA2TEkxV3JVRjAzMkdOeGJ5c3FOZCI7czo5OiJfcHJldmlvdXMiO2E6MTp7czozOiJ1cmwiO3M6MjI6Imh0dHA6Ly9sYXJhbW90ZWx5LnRlc3QiO31zOjY6Il9mbGFzaCI7YToyOntzOjM6Im9sZCI7YTowOnt9czozOiJuZXciO2E6MDp7fX19',1631798078),('qFOtGtGpSD7yE0PCfwC6vCuDBsdbV5EkG4l74fcP',NULL,'127.0.0.1','Mozilla/5.0 (X11; Linux x86_64) AppleWebKit/537.36 (KHTML, like Gecko) Chrome/93.0.4577.63 Safari/537.36','YTozOntzOjY6Il90b2tlbiI7czo0MDoibkdTaGpXcG1jekhYZTNmVWJoQURxcWR0eWxuTGF1R2JTUW1Sd3d4ZyI7czo5OiJfcHJldmlvdXMiO2E6MTp7czozOiJ1cmwiO3M6Njk6Imh0dHA6Ly9sYXJhbW90ZWx5LnRlc3QvYWRtaW4vdm95YWdlci1hc3NldHM/cGF0aD1mb250cyUyRnZveWFnZXIud29mZiI7fXM6NjoiX2ZsYXNoIjthOjI6e3M6Mzoib2xkIjthOjA6e31zOjM6Im5ldyI7YTowOnt9fX0=',1631793212),('QfU9GCMusuzQm72oHL0bpVsjxWYW56qRpu4AYEOL',NULL,'127.0.0.1','Mozilla/5.0 (X11; Linux x86_64) AppleWebKit/537.36 (KHTML, like Gecko) Chrome/93.0.4577.63 Safari/537.36','YToyOntzOjY6Il90b2tlbiI7czo0MDoiRzJSYVZVVFgza25jWFdLRGJRaTZoZXhsQnlyaDFkQjBkRUU4YkdjUCI7czo2OiJfZmxhc2giO2E6Mjp7czozOiJvbGQiO2E6MDp7fXM6MzoibmV3IjthOjA6e319fQ==',1631792986),('Ql4ZaLfcX8pNbJXXbLM7rAATy4CNoEgJKZ1dCx1V',NULL,'127.0.0.1','Mozilla/5.0 (X11; Linux x86_64) AppleWebKit/537.36 (KHTML, like Gecko) Chrome/93.0.4577.63 Safari/537.36','YTozOntzOjY6Il90b2tlbiI7czo0MDoiMkN4czdpell0R2JRMkMzYTZ1eXFZVWhWdGJyNUFMSkxrUGg4a25obyI7czo5OiJfcHJldmlvdXMiO2E6MTp7czozOiJ1cmwiO3M6MjI6Imh0dHA6Ly9sYXJhbW90ZWx5LnRlc3QiO31zOjY6Il9mbGFzaCI7YToyOntzOjM6Im9sZCI7YTowOnt9czozOiJuZXciO2E6MDp7fX19',1631797572),('S9z8EVdS9vm3sjJl6MuarYQ4ZEYguGac6SYXCKLz',NULL,'127.0.0.1','Mozilla/5.0 (X11; Linux x86_64) AppleWebKit/537.36 (KHTML, like Gecko) Chrome/93.0.4577.63 Safari/537.36','YTozOntzOjY6Il90b2tlbiI7czo0MDoiRzhsWUVUcDJBVG1lUmlBWVF4bUZZd09mTTREU2E2QkxuTUd5czNsVyI7czo5OiJfcHJldmlvdXMiO2E6MTp7czozOiJ1cmwiO3M6MjI6Imh0dHA6Ly9sYXJhbW90ZWx5LnRlc3QiO31zOjY6Il9mbGFzaCI7YToyOntzOjM6Im9sZCI7YTowOnt9czozOiJuZXciO2E6MDp7fX19',1631797493),('sNjXoloAOPI4G9WalzRzTe3YzIkZuNpcxpURwmYu',NULL,'127.0.0.1','Mozilla/5.0 (X11; Linux x86_64) AppleWebKit/537.36 (KHTML, like Gecko) Chrome/93.0.4577.63 Safari/537.36','YTozOntzOjY6Il90b2tlbiI7czo0MDoiYjdSQUhFWTN1M2xiNGFhYm0yREtLdE5oNW93Nk5QVWJKenA0d05nTyI7czo5OiJfcHJldmlvdXMiO2E6MTp7czozOiJ1cmwiO3M6MjI6Imh0dHA6Ly9sYXJhbW90ZWx5LnRlc3QiO31zOjY6Il9mbGFzaCI7YToyOntzOjM6Im9sZCI7YTowOnt9czozOiJuZXciO2E6MDp7fX19',1631796301),('sX0IympC6LBY6K6oObmFPbL9IkG4LE77lk6doq90',NULL,'127.0.0.1','Mozilla/5.0 (X11; Linux x86_64) AppleWebKit/537.36 (KHTML, like Gecko) Chrome/93.0.4577.63 Safari/537.36','YTozOntzOjY6Il90b2tlbiI7czo0MDoiYXRGa0phUHBRelJaeTJLbUkzRnpOZldmSkl6eUs5a2hWUmdRak4yYSI7czo5OiJfcHJldmlvdXMiO2E6MTp7czozOiJ1cmwiO3M6MjI6Imh0dHA6Ly9sYXJhbW90ZWx5LnRlc3QiO31zOjY6Il9mbGFzaCI7YToyOntzOjM6Im9sZCI7YTowOnt9czozOiJuZXciO2E6MDp7fX19',1631796708),('TKsY1YUal89Eo8ceVP5cL6ky7NUOBeCW0ZSTG8LR',NULL,'127.0.0.1','Mozilla/5.0 (X11; Linux x86_64) AppleWebKit/537.36 (KHTML, like Gecko) Chrome/93.0.4577.63 Safari/537.36 OPR/79.0.4143.22','YTozOntzOjY6Il90b2tlbiI7czo0MDoiRWJzd3JJYmNXY2ZpWDk1azQ3QVNRbnJnclRXdkY3NGJyUmh1TFhmdyI7czo5OiJfcHJldmlvdXMiO2E6MTp7czozOiJ1cmwiO3M6NjI6Imh0dHA6Ly9sYXJhbW90ZWx5LnRlc3QvYWRtaW4vdm95YWdlci1hc3NldHM/cGF0aD1jc3MlMkZhcHAuY3NzIjt9czo2OiJfZmxhc2giO2E6Mjp7czozOiJvbGQiO2E6MDp7fXM6MzoibmV3IjthOjA6e319fQ==',1631793022),('uK0jMtcpwzpmwQlerVxOQCRdGresyY1cPwW1ws9c',NULL,'127.0.0.1','Mozilla/5.0 (X11; Linux x86_64) AppleWebKit/537.36 (KHTML, like Gecko) Chrome/93.0.4577.63 Safari/537.36','YTozOntzOjY6Il90b2tlbiI7czo0MDoiVlpXdURuTUI4QmJ4Yml0WGVaTTlGMWJRcXVxb2xRVkVlV0NiOWFOTSI7czo5OiJfcHJldmlvdXMiO2E6MTp7czozOiJ1cmwiO3M6MjI6Imh0dHA6Ly9sYXJhbW90ZWx5LnRlc3QiO31zOjY6Il9mbGFzaCI7YToyOntzOjM6Im9sZCI7YTowOnt9czozOiJuZXciO2E6MDp7fX19',1631797021),('uYwCKfm8gCJJscR2zv6pMWxSv04328NtjcO9DEhv',NULL,'127.0.0.1','Mozilla/5.0 (X11; Linux x86_64) AppleWebKit/537.36 (KHTML, like Gecko) Chrome/93.0.4577.63 Safari/537.36 OPR/79.0.4143.22','YToyOntzOjY6Il90b2tlbiI7czo0MDoiT2Nham5MbVFEV2Jaa3hYR1N5RTVvWW51STBVTFNvdjU3NXlmUWRlTCI7czo2OiJfZmxhc2giO2E6Mjp7czozOiJvbGQiO2E6MDp7fXM6MzoibmV3IjthOjA6e319fQ==',1631793054),('vRGq5KAFMILh4NyWyL6mT8qHhcT6dATZX7RwtOs5',NULL,'127.0.0.1','Mozilla/5.0 (X11; Linux x86_64) AppleWebKit/537.36 (KHTML, like Gecko) Chrome/93.0.4577.63 Safari/537.36','YTozOntzOjY6Il90b2tlbiI7czo0MDoickJiQWhhN0VpVERJQ29pRU5OOFVCaUxPZGlFZG5Ga3RoU0MzNUZ5YyI7czo5OiJfcHJldmlvdXMiO2E6MTp7czozOiJ1cmwiO3M6MjI6Imh0dHA6Ly9sYXJhbW90ZWx5LnRlc3QiO31zOjY6Il9mbGFzaCI7YToyOntzOjM6Im9sZCI7YTowOnt9czozOiJuZXciO2E6MDp7fX19',1631798483),('WVpBqfog2ziiodmEhuL92V087mz0oyqHespPd3HE',NULL,'127.0.0.1','Mozilla/5.0 (X11; Linux x86_64) AppleWebKit/537.36 (KHTML, like Gecko) Chrome/93.0.4577.63 Safari/537.36','YTozOntzOjY6Il90b2tlbiI7czo0MDoiS1RPN3JwVkZmUGw2Q3FwbHluelVCZkpqanVvOVdTTmd3MTgwUDFPSyI7czo5OiJfcHJldmlvdXMiO2E6MTp7czozOiJ1cmwiO3M6MjI6Imh0dHA6Ly9sYXJhbW90ZWx5LnRlc3QiO31zOjY6Il9mbGFzaCI7YToyOntzOjM6Im9sZCI7YTowOnt9czozOiJuZXciO2E6MDp7fX19',1631796208),('wVxeX0axRZTwBHD0Yy7jXAnQaHkTsO8imMGEJQTG',NULL,'127.0.0.1','Mozilla/5.0 (X11; Linux x86_64) AppleWebKit/537.36 (KHTML, like Gecko) Chrome/93.0.4577.63 Safari/537.36','YTozOntzOjY6Il90b2tlbiI7czo0MDoicmY0allnNUlXVExJdmNBQmpqZFMzWDRQcElRNTd5dG1yTmdWVXdYNyI7czo5OiJfcHJldmlvdXMiO2E6MTp7czozOiJ1cmwiO3M6MzQ6Imh0dHA6Ly9sYXJhbW90ZWx5LnRlc3QvYWRtaW4vbG9naW4iO31zOjY6Il9mbGFzaCI7YToyOntzOjM6Im9sZCI7YTowOnt9czozOiJuZXciO2E6MDp7fX19',1631792949),('XcswZ8xn5SYGQiJ0p5BluS16tVsanDry3THDSRbz',NULL,'127.0.0.1','Mozilla/5.0 (X11; Linux x86_64) AppleWebKit/537.36 (KHTML, like Gecko) Chrome/93.0.4577.63 Safari/537.36 OPR/79.0.4143.22','YTozOntzOjY6Il90b2tlbiI7czo0MDoiZXZMd1B3MjJmb2pVeGpSOVVSYTkzVVJvRmJoM3hhMHhqZTJTMzQwQSI7czo5OiJfcHJldmlvdXMiO2E6MTp7czozOiJ1cmwiO3M6MzQ6Imh0dHA6Ly9sYXJhbW90ZWx5LnRlc3QvYWRtaW4vbG9naW4iO31zOjY6Il9mbGFzaCI7YToyOntzOjM6Im9sZCI7YTowOnt9czozOiJuZXciO2E6MDp7fX19',1631793021),('XkNZg2NX2V5oCHqUOXOjddHKSzxRO93DMICShBOJ',NULL,'127.0.0.1','Mozilla/5.0 (X11; Linux x86_64) AppleWebKit/537.36 (KHTML, like Gecko) Chrome/93.0.4577.63 Safari/537.36','YTozOntzOjY6Il90b2tlbiI7czo0MDoiaHZCd0pyVWdrbFFJcFN3WFZaQVoyTzJTQTdoc0tIdFBRUVB0Ym1VbiI7czo5OiJfcHJldmlvdXMiO2E6MTp7czozOiJ1cmwiO3M6MjI6Imh0dHA6Ly9sYXJhbW90ZWx5LnRlc3QiO31zOjY6Il9mbGFzaCI7YToyOntzOjM6Im9sZCI7YTowOnt9czozOiJuZXciO2E6MDp7fX19',1631792997),('XYm3Qd5syBL3dxtoiveKkTpPmXOwmyHScWXEAkpS',NULL,'127.0.0.1','Mozilla/5.0 (X11; Linux x86_64) AppleWebKit/537.36 (KHTML, like Gecko) Chrome/93.0.4577.63 Safari/537.36','YTozOntzOjY6Il90b2tlbiI7czo0MDoiMXRpNXp5YzB6bHNWbXU2STE1b09FaUVSMlhab09WWnhZaVpWZnlVRiI7czo5OiJfcHJldmlvdXMiO2E6MTp7czozOiJ1cmwiO3M6MjI6Imh0dHA6Ly9sYXJhbW90ZWx5LnRlc3QiO31zOjY6Il9mbGFzaCI7YToyOntzOjM6Im9sZCI7YTowOnt9czozOiJuZXciO2E6MDp7fX19',1631796441),('y55VEc1mN4HLv3RxfmMDD9mE0I4iEbnpqnk9lfJs',NULL,'127.0.0.1','Mozilla/5.0 (X11; Linux x86_64) AppleWebKit/537.36 (KHTML, like Gecko) Chrome/93.0.4577.63 Safari/537.36','YTozOntzOjY6Il90b2tlbiI7czo0MDoiamM2SDZ6ZG4zV09RaG02amZZVG5ObVBpWTUyZUVNYzIydWlGclhFSiI7czo5OiJfcHJldmlvdXMiO2E6MTp7czozOiJ1cmwiO3M6MjI6Imh0dHA6Ly9sYXJhbW90ZWx5LnRlc3QiO31zOjY6Il9mbGFzaCI7YToyOntzOjM6Im9sZCI7YTowOnt9czozOiJuZXciO2E6MDp7fX19',1631797986),('yDJTnRRKejg86s2FggLeeDVdqDP57Hdi9pOOpBZa',NULL,'127.0.0.1','Mozilla/5.0 (X11; Linux x86_64) AppleWebKit/537.36 (KHTML, like Gecko) Chrome/93.0.4577.63 Safari/537.36','YTozOntzOjY6Il90b2tlbiI7czo0MDoiRml4SWJiZ0hHanFrdVE3SU5sS1BUS2NVUVB4Q091ZG9wTDJYY3o2QyI7czo5OiJfcHJldmlvdXMiO2E6MTp7czozOiJ1cmwiO3M6MjI6Imh0dHA6Ly9sYXJhbW90ZWx5LnRlc3QiO31zOjY6Il9mbGFzaCI7YToyOntzOjM6Im9sZCI7YTowOnt9czozOiJuZXciO2E6MDp7fX19',1631797650);
/*!40000 ALTER TABLE `sessions` ENABLE KEYS */;
UNLOCK TABLES;

--
-- Table structure for table `settings`
--

DROP TABLE IF EXISTS `settings`;
/*!40101 SET @saved_cs_client     = @@character_set_client */;
/*!50503 SET character_set_client = utf8mb4 */;
CREATE TABLE `settings` (
  `id` int unsigned NOT NULL AUTO_INCREMENT,
  `key` varchar(255) COLLATE utf8mb4_unicode_ci NOT NULL,
  `display_name` varchar(255) COLLATE utf8mb4_unicode_ci NOT NULL,
  `value` text CHARACTER SET utf8mb4 COLLATE utf8mb4_unicode_ci,
  `details` text COLLATE utf8mb4_unicode_ci,
  `type` varchar(255) COLLATE utf8mb4_unicode_ci NOT NULL,
  `order` int NOT NULL DEFAULT '1',
  `group` varchar(255) COLLATE utf8mb4_unicode_ci DEFAULT NULL,
  PRIMARY KEY (`id`),
  UNIQUE KEY `settings_key_unique` (`key`)
) ENGINE=InnoDB AUTO_INCREMENT=11 DEFAULT CHARSET=utf8mb4 COLLATE=utf8mb4_unicode_ci;
/*!40101 SET character_set_client = @saved_cs_client */;

--
-- Dumping data for table `settings`
--

LOCK TABLES `settings` WRITE;
/*!40000 ALTER TABLE `settings` DISABLE KEYS */;
INSERT INTO `settings` VALUES (1,'site.title','Site Title','Site Title','','text',1,'Site'),(2,'site.description','Site Description','Site Description','','text',2,'Site'),(3,'site.logo','Site Logo','','','image',3,'Site'),(4,'site.google_analytics_tracking_id','Google Analytics Tracking ID','','','text',4,'Site'),(5,'admin.bg_image','Admin Background Image','','','image',5,'Admin'),(6,'admin.title','Admin Title','Voyager','','text',1,'Admin'),(7,'admin.description','Admin Description','Welcome to Voyager. The Missing Admin for Laravel','','text',2,'Admin'),(8,'admin.loader','Admin Loader','','','image',3,'Admin'),(9,'admin.icon_image','Admin Icon Image','','','image',4,'Admin'),(10,'admin.google_analytics_client_id','Google Analytics Client ID (used for admin dashboard)','','','text',1,'Admin');
/*!40000 ALTER TABLE `settings` ENABLE KEYS */;
UNLOCK TABLES;

--
-- Table structure for table `translations`
--

DROP TABLE IF EXISTS `translations`;
/*!40101 SET @saved_cs_client     = @@character_set_client */;
/*!50503 SET character_set_client = utf8mb4 */;
CREATE TABLE `translations` (
  `id` int unsigned NOT NULL AUTO_INCREMENT,
  `table_name` varchar(255) COLLATE utf8mb4_unicode_ci NOT NULL,
  `column_name` varchar(255) COLLATE utf8mb4_unicode_ci NOT NULL,
  `foreign_key` int unsigned NOT NULL,
  `locale` varchar(255) COLLATE utf8mb4_unicode_ci NOT NULL,
  `value` text COLLATE utf8mb4_unicode_ci NOT NULL,
  `created_at` timestamp NULL DEFAULT NULL,
  `updated_at` timestamp NULL DEFAULT NULL,
  PRIMARY KEY (`id`),
  UNIQUE KEY `translations_table_name_column_name_foreign_key_locale_unique` (`table_name`,`column_name`,`foreign_key`,`locale`)
) ENGINE=InnoDB AUTO_INCREMENT=31 DEFAULT CHARSET=utf8mb4 COLLATE=utf8mb4_unicode_ci;
/*!40101 SET character_set_client = @saved_cs_client */;

--
-- Dumping data for table `translations`
--

LOCK TABLES `translations` WRITE;
/*!40000 ALTER TABLE `translations` DISABLE KEYS */;
INSERT INTO `translations` VALUES (1,'data_types','display_name_singular',5,'pt','Post','2021-09-15 02:10:09','2021-09-15 02:10:09'),(2,'data_types','display_name_singular',6,'pt','Página','2021-09-15 02:10:09','2021-09-15 02:10:09'),(3,'data_types','display_name_singular',1,'pt','Utilizador','2021-09-15 02:10:09','2021-09-15 02:10:09'),(4,'data_types','display_name_singular',4,'pt','Categoria','2021-09-15 02:10:09','2021-09-15 02:10:09'),(5,'data_types','display_name_singular',2,'pt','Menu','2021-09-15 02:10:09','2021-09-15 02:10:09'),(6,'data_types','display_name_singular',3,'pt','Função','2021-09-15 02:10:09','2021-09-15 02:10:09'),(7,'data_types','display_name_plural',5,'pt','Posts','2021-09-15 02:10:09','2021-09-15 02:10:09'),(8,'data_types','display_name_plural',6,'pt','Páginas','2021-09-15 02:10:09','2021-09-15 02:10:09'),(9,'data_types','display_name_plural',1,'pt','Utilizadores','2021-09-15 02:10:09','2021-09-15 02:10:09'),(10,'data_types','display_name_plural',4,'pt','Categorias','2021-09-15 02:10:09','2021-09-15 02:10:09'),(11,'data_types','display_name_plural',2,'pt','Menus','2021-09-15 02:10:09','2021-09-15 02:10:09'),(12,'data_types','display_name_plural',3,'pt','Funções','2021-09-15 02:10:09','2021-09-15 02:10:09'),(13,'categories','slug',1,'pt','categoria-1','2021-09-15 02:10:09','2021-09-15 02:10:09'),(14,'categories','name',1,'pt','Categoria 1','2021-09-15 02:10:09','2021-09-15 02:10:09'),(15,'categories','slug',2,'pt','categoria-2','2021-09-15 02:10:09','2021-09-15 02:10:09'),(16,'categories','name',2,'pt','Categoria 2','2021-09-15 02:10:09','2021-09-15 02:10:09'),(17,'pages','title',1,'pt','Olá Mundo','2021-09-15 02:10:09','2021-09-15 02:10:09'),(18,'pages','slug',1,'pt','ola-mundo','2021-09-15 02:10:09','2021-09-15 02:10:09'),(19,'pages','body',1,'pt','<p>Olá Mundo. Scallywag grog swab Cat o\'nine tails scuttle rigging hardtack cable nipper Yellow Jack. Handsomely spirits knave lad killick landlubber or just lubber deadlights chantey pinnace crack Jennys tea cup. Provost long clothes black spot Yellow Jack bilged on her anchor league lateen sail case shot lee tackle.</p>\r\n<p>Ballast spirits fluke topmast me quarterdeck schooner landlubber or just lubber gabion belaying pin. Pinnace stern galleon starboard warp carouser to go on account dance the hempen jig jolly boat measured fer yer chains. Man-of-war fire in the hole nipperkin handsomely doubloon barkadeer Brethren of the Coast gibbet driver squiffy.</p>','2021-09-15 02:10:09','2021-09-15 02:10:09'),(20,'menu_items','title',1,'pt','Painel de Controle','2021-09-15 02:10:09','2021-09-15 02:10:09'),(21,'menu_items','title',2,'pt','Media','2021-09-15 02:10:09','2021-09-15 02:10:09'),(22,'menu_items','title',12,'pt','Publicações','2021-09-15 02:10:09','2021-09-15 02:10:09'),(23,'menu_items','title',3,'pt','Utilizadores','2021-09-15 02:10:09','2021-09-15 02:10:09'),(24,'menu_items','title',11,'pt','Categorias','2021-09-15 02:10:09','2021-09-15 02:10:09'),(25,'menu_items','title',13,'pt','Páginas','2021-09-15 02:10:09','2021-09-15 02:10:09'),(26,'menu_items','title',4,'pt','Funções','2021-09-15 02:10:09','2021-09-15 02:10:09'),(27,'menu_items','title',5,'pt','Ferramentas','2021-09-15 02:10:09','2021-09-15 02:10:09'),(28,'menu_items','title',6,'pt','Menus','2021-09-15 02:10:09','2021-09-15 02:10:09'),(29,'menu_items','title',7,'pt','Base de dados','2021-09-15 02:10:09','2021-09-15 02:10:09'),(30,'menu_items','title',10,'pt','Configurações','2021-09-15 02:10:09','2021-09-15 02:10:09');
/*!40000 ALTER TABLE `translations` ENABLE KEYS */;
UNLOCK TABLES;

--
-- Table structure for table `user_roles`
--

DROP TABLE IF EXISTS `user_roles`;
/*!40101 SET @saved_cs_client     = @@character_set_client */;
/*!50503 SET character_set_client = utf8mb4 */;
CREATE TABLE `user_roles` (
  `user_id` bigint unsigned NOT NULL,
  `role_id` bigint unsigned NOT NULL,
  PRIMARY KEY (`user_id`,`role_id`),
  KEY `user_roles_user_id_index` (`user_id`),
  KEY `user_roles_role_id_index` (`role_id`),
  CONSTRAINT `user_roles_role_id_foreign` FOREIGN KEY (`role_id`) REFERENCES `roles` (`id`) ON DELETE CASCADE,
  CONSTRAINT `user_roles_user_id_foreign` FOREIGN KEY (`user_id`) REFERENCES `users` (`id`) ON DELETE CASCADE
) ENGINE=InnoDB DEFAULT CHARSET=utf8mb4 COLLATE=utf8mb4_unicode_ci;
/*!40101 SET character_set_client = @saved_cs_client */;

--
-- Dumping data for table `user_roles`
--

LOCK TABLES `user_roles` WRITE;
/*!40000 ALTER TABLE `user_roles` DISABLE KEYS */;
/*!40000 ALTER TABLE `user_roles` ENABLE KEYS */;
UNLOCK TABLES;

--
-- Table structure for table `users`
--

DROP TABLE IF EXISTS `users`;
/*!40101 SET @saved_cs_client     = @@character_set_client */;
/*!50503 SET character_set_client = utf8mb4 */;
CREATE TABLE `users` (
  `id` bigint unsigned NOT NULL AUTO_INCREMENT,
  `role_id` bigint unsigned DEFAULT NULL,
  `name` varchar(255) COLLATE utf8mb4_unicode_ci NOT NULL,
  `email` varchar(255) COLLATE utf8mb4_unicode_ci NOT NULL,
  `avatar` varchar(255) COLLATE utf8mb4_unicode_ci DEFAULT 'users/default.png',
  `email_verified_at` timestamp NULL DEFAULT NULL,
  `password` varchar(255) COLLATE utf8mb4_unicode_ci NOT NULL,
  `two_factor_secret` text COLLATE utf8mb4_unicode_ci,
  `two_factor_recovery_codes` text COLLATE utf8mb4_unicode_ci,
  `remember_token` varchar(100) COLLATE utf8mb4_unicode_ci DEFAULT NULL,
  `settings` text COLLATE utf8mb4_unicode_ci,
  `created_at` timestamp NULL DEFAULT NULL,
  `updated_at` timestamp NULL DEFAULT NULL,
  PRIMARY KEY (`id`),
  UNIQUE KEY `users_email_unique` (`email`),
  KEY `users_role_id_foreign` (`role_id`),
  CONSTRAINT `users_role_id_foreign` FOREIGN KEY (`role_id`) REFERENCES `roles` (`id`)
) ENGINE=InnoDB AUTO_INCREMENT=2 DEFAULT CHARSET=utf8mb4 COLLATE=utf8mb4_unicode_ci;
/*!40101 SET character_set_client = @saved_cs_client */;

--
-- Dumping data for table `users`
--

LOCK TABLES `users` WRITE;
/*!40000 ALTER TABLE `users` DISABLE KEYS */;
INSERT INTO `users` VALUES (1,1,'Admin','admin@admin.com','users/default.png',NULL,'$2y$10$J9B3NLbYVkuop7Oix9ia2O7Xr07VKwKb5/VqpG8l6ALUaupcaMgAS',NULL,NULL,'PGuHJBNMRY53xfeuMH7MKpxoLmW5sUv8KJaAzv9h4BGROBrqvCy8F1act32R',NULL,'2021-09-15 02:10:08','2021-09-15 02:10:08');
/*!40000 ALTER TABLE `users` ENABLE KEYS */;
UNLOCK TABLES;
/*!40103 SET TIME_ZONE=@OLD_TIME_ZONE */;

/*!40101 SET SQL_MODE=@OLD_SQL_MODE */;
/*!40014 SET FOREIGN_KEY_CHECKS=@OLD_FOREIGN_KEY_CHECKS */;
/*!40014 SET UNIQUE_CHECKS=@OLD_UNIQUE_CHECKS */;
/*!40101 SET CHARACTER_SET_CLIENT=@OLD_CHARACTER_SET_CLIENT */;
/*!40101 SET CHARACTER_SET_RESULTS=@OLD_CHARACTER_SET_RESULTS */;
/*!40101 SET COLLATION_CONNECTION=@OLD_COLLATION_CONNECTION */;
/*!40111 SET SQL_NOTES=@OLD_SQL_NOTES */;

-- Dump completed on 2021-09-16 17:03:56
